variant_type	chromosome	pos	ref	alt	cpsr_tier
indel	chr2	47414420	TAA	TA	VUS
snp	chr1	10332180	T	A	Likely_Benign
indel	chr12	132671678	GAA	G	Likely_Benign
indel	chr13	32349216	C	CA	Likely_Benign
indel	chr13	32365109	C	CT	Likely_Benign
indel	chr13	32368001	CTTTTTTTTTT	C	Likely_Benign
indel	chr13	32368028	TTTTTTTTTTG	T	Likely_Benign
indel	chr13	48313745	C	CTT	Likely_Benign
indel	chr13	48316719	TCACACACACACACACACACACA	T	Likely_Benign
indel	chr13	48316719	TCACACACACACACACACACACA	TCACACACACACACACA	Likely_Benign
indel	chr13	48346370	ATGTG	A	Likely_Benign
indel	chr13	48367118	C	CA	Likely_Benign
indel	chr13	48459886	A	ATTCTTTCTTTCTTTCT	Likely_Benign
indel	chr13	48459886	A	AT	Likely_Benign
indel	chr13	48459951	T	TTC	Likely_Benign
indel	chr13	48459959	C	CTTTTCTTTCT	Likely_Benign
indel	chr14	95107253	A	AT	Likely_Benign
indel	chr14	95138994	TAA	T	Likely_Benign
indel	chr14	95138994	TAA	TA	Likely_Benign
indel	chr13	48346370	ATGTG	ATGTGTG	Likely_Benign
indel	chr12	132671678	GAA	GA	Likely_Benign
indel	chr12	132671262	CAAA	C	Likely_Benign
indel	chr12	132671262	CAAA	CA	Likely_Benign
indel	chr12	11893794	TTATATATATA	T	Likely_Benign
indel	chr12	57750153	CAATAAATAAATA	CAATAAATA	Likely_Benign
indel	chr12	57750153	CAATAAATAAATA	C	Likely_Benign
indel	chr12	132628644	TCAAAACAAAACAAAACAAAACAAAA	T	Likely_Benign
indel	chr12	132628644	TCAAAACAAAACAAAACAAAACAAAA	TCAAAACAAAA	Likely_Benign
indel	chr12	132636439	AG	A	Likely_Benign
indel	chr12	132639952	AAAAACAAAAC	A	Likely_Benign
indel	chr12	132639952	AAAAACAAAAC	AAAAAC	Likely_Benign
indel	chr15	32642568	CA	C	Likely_Benign
indel	chr12	132644323	CTT	C	Likely_Benign
indel	chr12	132646525	TAA	T	Likely_Benign
indel	chr12	132646525	TAA	TA	Likely_Benign
indel	chr12	132650872	CTTT	C	Likely_Benign
indel	chr12	132650872	CTTT	CTTTTTTT	Likely_Benign
indel	chr12	132652314	CTT	C	Likely_Benign
indel	chr12	132652314	CTT	CTTT	Likely_Benign
indel	chr12	132658881	C	CAAAAAAAAAAAAAAAAAAAAAAAAAAAA	Likely_Benign
indel	chr12	132658881	C	CAAA	Likely_Benign
indel	chr12	132644323	CTT	CTTT	Likely_Benign
indel	chr15	32657209	A	ATATATATATATATATATATATATATATATATATATG	Likely_Benign
indel	chr15	32657209	A	ATATATATATATATATATATATATATATATATATATGTATG	Likely_Benign
indel	chr15	32663051	AT	A	Likely_Benign
indel	chr16	68743352	TTTCTTTC	TTTTC	Likely_Benign
indel	chr16	68745611	A	ATATATATATGTGTGTATATATATGTATGTGTG	Likely_Benign
indel	chr16	68745611	A	ATATATATATATGTGTATATATATGTATGTGTG	Likely_Benign
indel	chr16	68750150	C	CTTTTTTTTTTTTTTT	Likely_Benign
indel	chr16	68750150	C	CTTTTTTTTTTTTTT	Likely_Benign
indel	chr16	68754116	CAA	CA	Likely_Benign
indel	chr16	68754116	CAA	C	Likely_Benign
indel	chr16	68755282	CAA	C	Likely_Benign
indel	chr16	68755282	CAA	CA	Likely_Benign
indel	chr16	68760266	A	AT	Likely_Benign
indel	chr16	68760266	A	ATT	Likely_Benign
indel	chr16	68762912	CAAAAA	CA	Likely_Benign
indel	chr16	68762912	CAAAAA	C	Likely_Benign
indel	chr16	68777534	C	CT	Likely_Benign
indel	chr16	68786534	CT	C	Likely_Benign
indel	chr16	68786534	CT	CTTTTTTT	Likely_Benign
indel	chr16	68787825	A	AT	Likely_Benign
indel	chr16	68743352	TTTCTTTC	T	Likely_Benign
indel	chr16	68739608	ATT	AT	Likely_Benign
indel	chr16	68739608	ATT	A	Likely_Benign
indel	chr16	68738964	T	TTTTTTTTTTTTA	Likely_Benign
indel	chr15	32663054	TATATATATATATATATATATATATA	T	Likely_Benign
indel	chr15	32667677	C	CT	Likely_Benign
indel	chr15	32667677	C	CTT	Likely_Benign
indel	chr15	32673527	C	CGTGTGTGTGT	Likely_Benign
indel	chr15	32673527	C	CGTGTGTGTGTGT	Likely_Benign
indel	chr15	32688963	A	AAAAAAAG	Likely_Benign
indel	chr15	32688963	A	AAAAAAAAG	Likely_Benign
indel	chr15	32726710	GTTT	GT	Likely_Benign
indel	chr12	11893794	TTATATATATA	TTA	Likely_Benign
indel	chr15	32726710	GTTT	G	Likely_Benign
indel	chr15	40180251	C	CTT	Likely_Benign
indel	chr15	40180642	CT	C	Likely_Benign
indel	chr15	40204944	CT	C	Likely_Benign
indel	chr15	40216566	TA	T	Likely_Benign
indel	chr15	40216568	TA	T	Likely_Benign
indel	chr16	2068872	C	CAA	Likely_Benign
indel	chr16	23611078	GTCTA	G	Likely_Benign
indel	chr16	23611078	GTCTA	GTCTGTCTATCTA	Likely_Benign
indel	chr15	40169609	C	CT	Likely_Benign
indel	chr12	11883276	CTTTTTTTTTTT	C	Likely_Benign
indel	chr12	11878827	G	GAA	Likely_Benign
indel	chr12	11874653	T	TGTGCGC	Likely_Benign
indel	chr10	102604920	CTTT	C	Likely_Benign
indel	chr10	102604920	CTTT	CT	Likely_Benign
indel	chr10	102612169	TTG	T	Likely_Benign
indel	chr10	102612169	TTG	TTGTG	Likely_Benign
indel	chr10	102618931	C	CGT	Likely_Benign
indel	chr10	102618931	C	CGTGT	Likely_Benign
indel	chr11	44097764	AT	A	Likely_Benign
indel	chr11	44097768	AT	A	Likely_Benign
indel	chr10	102589442	C	CTTTTTTTTT	Likely_Benign
indel	chr11	44097772	ATAAAT	AAAAT	Likely_Benign
indel	chr11	44097776	ATAAAT	A	Likely_Benign
indel	chr11	44139120	C	CT	Likely_Benign
indel	chr11	44147775	C	CTTTT	Likely_Benign
indel	chr11	44147775	C	CTTTTT	Likely_Benign
indel	chr11	44162575	C	CA	Likely_Benign
indel	chr11	44170810	TCACACACACACA	T	Likely_Benign
indel	chr11	44170810	TCACACACACACA	TCACACA	Likely_Benign
indel	chr11	44212299	AT	A	Likely_Benign
indel	chr11	44097772	ATAAAT	A	Likely_Benign
indel	chr11	44212301	AAATAAAT	A	Likely_Benign
indel	chr10	102589442	C	CTTTTTTT	Likely_Benign
indel	chr10	102580029	A	ACCCCC	Likely_Benign
indel	chr22	29640194	TA	TAA	Likely_Benign
indel	chr10	87964536	AC	A	Likely_Benign
indel	chr10	87964538	AC	A	Likely_Benign
indel	chr10	102506039	GAA	G	Likely_Benign
indel	chr10	102507961	AT	A	Likely_Benign
indel	chr10	102519527	CAA	C	Likely_Benign
indel	chr10	102519527	CAA	CAAA	Likely_Benign
indel	chr10	102527498	G	GATATAT	Likely_Benign
indel	chr10	102585888	CT	C	Likely_Benign
indel	chr10	102527498	G	GATATATAT	Likely_Benign
indel	chr10	102535930	A	AGATGAT	Likely_Benign
indel	chr10	102542445	T	TA	Likely_Benign
indel	chr10	102542446	T	TATA	Likely_Benign
indel	chr10	102550742	C	CTTT	Likely_Benign
indel	chr10	102550742	C	CTT	Likely_Benign
indel	chr10	102567006	C	CTT	Likely_Benign
indel	chr10	102568874	C	CAA	Likely_Benign
indel	chr10	102580029	A	ACC	Likely_Benign
indel	chr10	102535930	A	AGAT	Likely_Benign
indel	chr16	68804102	CT	C	Likely_Benign
indel	chr11	44215865	ATTTTTTTTT	A	Likely_Benign
indel	chr11	44218730	G	GTTT	Likely_Benign
indel	chr12	11690886	C	CTAAATAAATAAATAAA	Likely_Benign
indel	chr12	11714649	GA	G	Likely_Benign
indel	chr12	11716330	CAAAA	C	Likely_Benign
indel	chr12	11733407	CAAAAAAAAAAA	C	Likely_Benign
indel	chr12	11733407	CAAAAAAAAAAA	CAAAAAAAAAAAA	Likely_Benign
indel	chr12	11735086	C	CT	Likely_Benign
indel	chr12	11735086	C	CTT	Likely_Benign
indel	chr12	11738307	CTTTTTTT	C	Likely_Benign
indel	chr12	11690886	C	CTAAATAAATAAA	Likely_Benign
indel	chr12	11738307	CTTTTTTT	CT	Likely_Benign
indel	chr12	11746790	CTTTT	C	Likely_Benign
indel	chr12	11749288	TACACACACACACACACACACACACACAC	T	Likely_Benign
indel	chr12	11749288	TACACACACACACACACACACACACACAC	TACACACACACACACACAC	Likely_Benign
indel	chr12	11777239	C	CAA	Likely_Benign
indel	chr12	11784862	A	AT	Likely_Benign
indel	chr12	11790635	A	AAC	Likely_Benign
indel	chr12	11858832	AG	A	Likely_Benign
indel	chr12	11858836	GAA	G	Likely_Benign
indel	chr12	11746790	CTTTT	CT	Likely_Benign
indel	chr11	44215865	ATTTTTTTTT	ATTTTTTTT	Likely_Benign
indel	chr12	11689809	TC	TCC	Likely_Benign
indel	chr12	11674615	TTGTGTGTGTG	TTGTGTGTGTGTGTG	Likely_Benign
indel	chr11	44235250	T	TTG	Likely_Benign
indel	chr11	44237919	A	AC	Likely_Benign
indel	chr11	44243618	CTT	C	Likely_Benign
indel	chr11	108232527	CTTTT	C	Likely_Benign
indel	chr11	108237899	GTTTTT	G	Likely_Benign
indel	chr11	108241738	CTTTCT	C	Likely_Benign
indel	chr11	108255422	CTT	CT	Likely_Benign
indel	chr11	108255422	CTT	C	Likely_Benign
indel	chr12	11689809	TC	T	Likely_Benign
indel	chr11	108273331	CTTTTTTT	C	Likely_Benign
indel	chr11	108300878	CT	C	Likely_Benign
indel	chr11	108316753	C	CA	Likely_Benign
indel	chr11	108317615	TTATATA	TTA	Likely_Benign
indel	chr11	108317615	TTATATA	T	Likely_Benign
indel	chr12	11650504	A	AC	Likely_Benign
indel	chr12	11660598	C	CA	Likely_Benign
indel	chr12	11660598	C	CAA	Likely_Benign
indel	chr12	11674615	TTGTGTGTGTG	T	Likely_Benign
indel	chr11	108290638	CAA	C	Likely_Benign
indel	chr16	68804824	CTT	CT	Likely_Benign
indel	chr16	68804824	CTT	C	Likely_Benign
indel	chr16	68806122	ATATTTATTTATTTATTTATT	ATATTTATT	Likely_Benign
indel	chr19	50401391	ATT	AT	Likely_Benign
indel	chr21	34804742	C	CT	Likely_Benign
indel	chr21	34823430	GTTTTTTTTTTTT	G	Likely_Benign
indel	chr21	34823430	GTTTTTTTTTTTT	GT	Likely_Benign
indel	chr21	34846194	CT	C	Likely_Benign
indel	chr21	34849267	T	TAA	Likely_Benign
indel	chr21	34849271	A	ATATATATAATATATATTATATATATTTTTATATATAAAAAAT	Likely_Benign
indel	chr21	34849376	T	TAATATATA	Likely_Benign
indel	chr21	34849384	G	GTATATATATAGTA	Likely_Benign
indel	chr21	34849402	AC	A	Likely_Benign
indel	chr21	34849407	A	AG	Likely_Benign
indel	chr21	34849417	T	TAA	Likely_Benign
indel	chr21	34849463	GTA	G	Likely_Benign
indel	chr21	34874610	C	CAAAAA	Likely_Benign
indel	chr21	34926461	C	CAAAA	Likely_Benign
indel	chr21	34926545	ATTGTGTTTTT	A	Likely_Benign
indel	chr21	34926556	CTACAGCACATATTTATTATTGACTAAATCTGTCAGCATTTTGATCTACAACAAACACAAAT	C	Likely_Benign
indel	chr19	50401391	ATT	A	Likely_Benign
indel	chr19	50400133	ATTTTTTTTTTTTTTTTTTTTTTTTTTTTGAGACAAGATTTTCCTCTGTTGCCCAGGCTGGAGTGCACCTGGCCAATAATT	A	Likely_Benign
indel	chr19	50395876	CT	CTT	Likely_Benign
indel	chr19	50395876	CT	C	Likely_Benign
indel	chr17	61830300	T	TA	Likely_Benign
indel	chr17	61830300	T	TAA	Likely_Benign
indel	chr17	61836108	CTTT	C	Likely_Benign
indel	chr17	61836108	CTTT	CT	Likely_Benign
indel	chr17	61840355	CA	C	Likely_Benign
indel	chr17	61840355	CA	CAAA	Likely_Benign
indel	chr17	61850104	C	CT	Likely_Benign
indel	chr18	51062851	G	GTTTTT	Likely_Benign
indel	chr21	34928961	TG	T	Likely_Benign
indel	chr18	51073361	T	TTA	Likely_Benign
indel	chr18	51073388	TACACACACACACAC	T	Likely_Benign
indel	chr18	51084000	GCA	G	Likely_Benign
indel	chr18	51084006	GCGCGCGCACACA	G	Likely_Benign
indel	chr19	1208607	C	CTTT	Likely_Benign
indel	chr19	1212273	CTT	C	Likely_Benign
indel	chr19	1212990	C	CT	Likely_Benign
indel	chr19	10974690	T	TA	Likely_Benign
indel	chr19	11061188	TAAAA	T	Likely_Benign
indel	chr18	51073388	TACACACACACACAC	TACACACACACAC	Likely_Benign
indel	chr21	34928961	TG	TGG	Likely_Benign
indel	chr21	34930270	GTA	G	Likely_Benign
indel	chr21	34930270	GTA	GTATA	Likely_Benign
indel	chr22	28704121	GACACAC	G	Likely_Benign
indel	chr22	28704121	GACACAC	GAC	Likely_Benign
indel	chr22	28708363	A	ATGTGTGTGTGTGTG	Likely_Benign
indel	chr22	28708952	CAA	C	Likely_Benign
indel	chr22	28718883	AACAC	A	Likely_Benign
indel	chr22	28718883	AACAC	AACACACACAC	Likely_Benign
indel	chr22	28720092	A	AT	Likely_Benign
indel	chr22	28720092	A	ATT	Likely_Benign
indel	chr22	28702135	CTGTG	CTGTGTGTGTGTGTG	Likely_Benign
indel	chr22	28729540	CAAAAA	C	Likely_Benign
indel	chr22	29605151	ATTTT	ATTT	Likely_Benign
indel	chr22	29605151	ATTTT	A	Likely_Benign
indel	chr22	29608172	CA	C	Likely_Benign
indel	chr22	29608172	CA	CAA	Likely_Benign
indel	chr22	29622646	A	AT	Likely_Benign
indel	chr22	29624799	CTCTTTCTTTCTTTCTTTCTTTCTT	CTCTTTCTTTCTTTCTTTCTT	Likely_Benign
indel	chr22	29624799	CTCTTTCTTTCTTTCTTTCTTTCTT	C	Likely_Benign
indel	chr22	29640194	TA	T	Likely_Benign
indel	chr22	28730272	GAA	G	Likely_Benign
indel	chr17	61804954	CTGTGTGTGTGTG	C	Likely_Benign
indel	chr22	28702135	CTGTG	C	Likely_Benign
indel	chr22	28699362	CT	C	Likely_Benign
indel	chr21	34978937	T	TACACACACAC	Likely_Benign
indel	chr21	34978937	T	TACACACACACACAC	Likely_Benign
indel	chr21	34985867	CTT	CT	Likely_Benign
indel	chr21	34985867	CTT	C	Likely_Benign
indel	chr22	23787366	GGC	G	Likely_Benign
indel	chr22	23787366	GGC	GGCGC	Likely_Benign
indel	chr22	23799512	G	GT	Likely_Benign
indel	chr22	23799512	G	GTT	Likely_Benign
indel	chr22	28699362	CT	CTT	Likely_Benign
indel	chr22	23806919	C	CAA	Likely_Benign
indel	chr22	23811036	CAAAAA	CAAAA	Likely_Benign
indel	chr22	23818138	GT	G	Likely_Benign
indel	chr22	23818140	GTGTGTGTGTGT	G	Likely_Benign
indel	chr22	23822985	TTTTTTTTTTTTTTG	T	Likely_Benign
indel	chr22	23830649	CTTTTTTTTTTTTTTTTT	C	Likely_Benign
indel	chr22	23830649	CTTTTTTTTTTTTTTTTT	CTTTTTT	Likely_Benign
indel	chr22	28698228	T	TA	Likely_Benign
indel	chr22	28698228	T	TAAAAAAAAAAAAA	Likely_Benign
indel	chr22	23811036	CAAAAA	C	Likely_Benign
indel	chr10	87939541	CTTGAACTCT	C	Likely_Benign
indel	chr17	61804954	CTGTGTGTGTGTG	CTGTGTGTGTG	Likely_Benign
indel	chr17	61804446	G	GTA	Likely_Benign
indel	chr17	31234670	CAAA	CAA	Likely_Benign
indel	chr17	31234670	CAAA	C	Likely_Benign
indel	chr17	31237656	C	CTT	Likely_Benign
indel	chr17	31242305	C	CT	Likely_Benign
indel	chr17	31276208	CAAA	C	Likely_Benign
indel	chr17	31276208	CAAA	CAAAA	Likely_Benign
indel	chr17	31278524	TTTTTTTTAG	T	Likely_Benign
indel	chr17	31285277	T	TA	Likely_Benign
indel	chr17	31285277	T	TAA	Likely_Benign
indel	chr17	31293178	CAAAAAAAAAAA	C	Likely_Benign
indel	chr17	31293178	CAAAAAAAAAAA	CAAAAAAAAAAAAAAAAAAAAAAA	Likely_Benign
indel	chr17	31317368	A	AACACACAC	Likely_Benign
indel	chr17	31317368	A	AACAC	Likely_Benign
indel	chr17	31322094	TACACAC	T	Likely_Benign
indel	chr17	31322094	TACACAC	TACACACAC	Likely_Benign
indel	chr17	31322501	CAAAAAAAA	C	Likely_Benign
indel	chr17	31322501	CAAAAAAAA	CAAAAAAAAAA	Likely_Benign
indel	chr17	31226318	G	GACACACAC	Likely_Benign
indel	chr17	31226318	G	GACAC	Likely_Benign
indel	chr17	31190089	C	CA	Likely_Benign
indel	chr17	31189758	AT	A	Likely_Benign
indel	chr16	68806122	ATATTTATTTATTTATTTATT	A	Likely_Benign
indel	chr16	68811396	CA	C	Likely_Benign
indel	chr16	68811990	T	TA	Likely_Benign
indel	chr16	68811991	G	GA	Likely_Benign
indel	chr16	68818849	CA	C	Likely_Benign
indel	chr16	68818849	CA	CAA	Likely_Benign
indel	chr16	68823992	C	CTTTTT	Likely_Benign
indel	chr16	68831069	C	CTT	Likely_Benign
indel	chr17	31331904	T	TAAAA	Likely_Benign
indel	chr17	31097459	CA	C	Likely_Benign
indel	chr17	31117672	C	CAAAAA	Likely_Benign
indel	chr17	31124592	A	AT	Likely_Benign
indel	chr17	31154732	CTT	C	Likely_Benign
indel	chr17	31154732	CTT	CT	Likely_Benign
indel	chr17	31157795	T	TA	Likely_Benign
indel	chr17	31172349	CTG	C	Likely_Benign
indel	chr17	31172367	CTCTCTT	C	Likely_Benign
indel	chr17	31173597	TA	T	Likely_Benign
indel	chr17	31108262	GTTTTTTTT	G	Likely_Benign
indel	chr17	31331904	T	TTA	Likely_Benign
indel	chr17	31332573	G	GT	Likely_Benign
indel	chr17	31335279	T	TAC	Likely_Benign
indel	chr17	61697005	G	GAAA	Likely_Benign
indel	chr17	61697336	CAAAAAA	C	Likely_Benign
indel	chr17	61712902	CAA	C	Likely_Benign
indel	chr17	61712902	CAA	CA	Likely_Benign
indel	chr17	61716776	C	CCCATATTATTTCCACTACTGGAAATAATATGCTT	Likely_Benign
indel	chr17	61721692	CT	C	Likely_Benign
indel	chr17	61725145	G	GTA	Likely_Benign
indel	chr17	61731981	C	CTT	Likely_Benign
indel	chr17	61697003	AGG	A	Likely_Benign
indel	chr17	61759005	C	CATAAATAA	Likely_Benign
indel	chr17	61765354	ATG	A	Likely_Benign
indel	chr17	61765354	ATG	ATGTG	Likely_Benign
indel	chr17	61765829	G	GCA	Likely_Benign
indel	chr17	61765829	G	GCACACACA	Likely_Benign
indel	chr17	61772157	TTATATATATATATA	TTATATATATA	Likely_Benign
indel	chr17	61772157	TTATATATATATATA	T	Likely_Benign
indel	chr17	61772820	G	GA	Likely_Benign
indel	chr17	61791488	C	CAAAAAAA	Likely_Benign
indel	chr17	61759005	C	CATAAATAAATAA	Likely_Benign
indel	chr17	61804446	G	GTGTA	Likely_Benign
indel	chr17	61696985	CA	C	Likely_Benign
indel	chr17	58726454	ATATGTATATATGTGTATACGTATAGATGTATATACATATGTATATATGTGTATACGTATAGATGTATATACATATGTATATATGTGTATAAGTATAGATGTATATACATATGTATATATGTGTATACATATAGATGTATATATGTATATACGTG	A	Likely_Benign
indel	chr17	31335853	AT	A	Likely_Benign
indel	chr17	31335853	AT	ATTTT	Likely_Benign
indel	chr17	31341617	G	GTGTGTA	Likely_Benign
indel	chr17	31341617	G	GTGTGTGTGTGTGTA	Likely_Benign
indel	chr17	31361081	CA	C	Likely_Benign
indel	chr17	31365278	CAAA	C	Likely_Benign
indel	chr17	31365278	CAAA	CAAAAAAAAA	Likely_Benign
indel	chr17	35107737	C	CT	Likely_Benign
indel	chr17	58734588	GT	G	Likely_Benign
indel	chr17	35108497	T	TA	Likely_Benign
indel	chr17	43067890	T	TA	Likely_Benign
indel	chr17	43108706	CA	C	Likely_Benign
indel	chr17	48728875	TTCTCTCTC	T	Likely_Benign
indel	chr17	48728875	TTCTCTCTC	TTCTCTCTCTC	Likely_Benign
indel	chr17	58697540	T	TA	Likely_Benign
indel	chr17	58712344	CA	C	Likely_Benign
indel	chr17	58715454	CA	C	Likely_Benign
indel	chr17	58719729	A	ATT	Likely_Benign
indel	chr17	43064827	AT	A	Likely_Benign
indel	chr10	87939533	AGACTG	A	Likely_Benign
indel	chr10	87962480	T	TA	Likely_Benign
indel	chr10	87903988	CT	C	Likely_Benign
indel	chr1	161361841	TC	T	Likely_Benign
indel	chr1	161361842	C	CAA	Likely_Benign
indel	chr1	193144112	C	CAAAAAAAA	Likely_Benign
indel	chr1	193161630	AT	A	Likely_Benign
indel	chr1	193161633	TA	T	Likely_Benign
indel	chr1	193161964	GTATATAA	G	Likely_Benign
indel	chr1	193161990	GTATATAA	G	Likely_Benign
indel	chr1	161358032	CTT	C	Likely_Benign
indel	chr1	193162150	T	TTATCTATTATATTGTATATAATATATATTATA	Likely_Benign
indel	chr1	193187102	T	TCCCCCC	Likely_Benign
indel	chr1	193204215	ATG	A	Likely_Benign
indel	chr1	193204219	ATATATATG	A	Likely_Benign
indel	chr1	193220157	C	CT	Likely_Benign
indel	chr1	193234175	TCACACACACA	T	Likely_Benign
indel	chr1	193234175	TCACACACACA	TCACACACACACACA	Likely_Benign
indel	chr1	193234267	T	TTATAATATATATAATTTATTATATATATTATATATATAATATA	Likely_Benign
indel	chr1	193177358	C	CAAAA	Likely_Benign
indel	chr1	241498694	CATATATATATATAT	C	Likely_Benign
indel	chr1	161358032	CTT	CT	Likely_Benign
indel	chr1	161354663	TTGTGTGTGTGTGTGTG	TTGTGTGTGTGTGTGTGTGTG	Likely_Benign
indel	chr1	10373257	CT	C	Likely_Benign
indel	chr1	10375786	GTTT	G	Likely_Benign
indel	chr1	17029093	G	GTTTT	Likely_Benign
indel	chr1	17042954	GTT	G	Likely_Benign
indel	chr1	17042954	GTT	GTTT	Likely_Benign
indel	chr1	17049647	CTT	C	Likely_Benign
indel	chr1	17049647	CTT	CTTTTTT	Likely_Benign
indel	chr1	161355984	CA	C	Likely_Benign
indel	chr1	17051693	C	CG	Likely_Benign
indel	chr1	161317529	T	TTG	Likely_Benign
indel	chr1	161320828	A	ATTTTTTT	Likely_Benign
indel	chr1	161320828	A	ATTTTT	Likely_Benign
indel	chr1	161337061	G	GT	Likely_Benign
indel	chr1	161339662	GTTT	G	Likely_Benign
indel	chr1	161339662	GTTT	GTTTTTTTTTTTTTTTTT	Likely_Benign
indel	chr1	161354663	TTGTGTGTGTGTGTGTG	T	Likely_Benign
indel	chr1	45330228	CAA	C	Likely_Benign
indel	chr1	241498694	CATATATATATATAT	CATATATAT	Likely_Benign
indel	chr1	241509778	AACAC	A	Likely_Benign
indel	chr1	241509778	AACAC	AAC	Likely_Benign
indel	chr3	10142341	C	CTTT	Likely_Benign
indel	chr3	10142341	C	CTT	Likely_Benign
indel	chr10	87939294	GTTT	G	Likely_Benign
indel	chr3	10144496	CTT	CTTT	Likely_Benign
indel	chr3	37028354	CA	C	Likely_Benign
indel	chr3	37029827	CTT	C	Likely_Benign
indel	chr3	52405492	GA	G	Likely_Benign
indel	chr2	47804549	AAG	A	Likely_Benign
indel	chr3	128491208	GCC	G	Likely_Benign
indel	chr5	234418	CA	C	Likely_Benign
indel	chr5	112749479	A	ATT	Likely_Benign
indel	chr5	112774464	A	ATT	Likely_Benign
indel	chr5	112818833	TG	T	Likely_Benign
indel	chr5	112833180	AT	A	Likely_Benign
indel	chr5	112834259	TTA	T	Likely_Benign
indel	chr5	112836009	CTTTTTTTTTT	C	Likely_Benign
indel	chr3	128491208	GCC	GCCC	Likely_Benign
indel	chr2	47801361	G	GTTTT	Likely_Benign
indel	chr2	47801361	G	GTTT	Likely_Benign
indel	chr2	47795422	A	ATGTGTG	Likely_Benign
indel	chr2	47373205	TA	T	Likely_Benign
indel	chr2	47381085	CAAA	C	Likely_Benign
indel	chr2	47405421	C	CA	Likely_Benign
indel	chr2	47409343	C	CATTTATTT	Likely_Benign
indel	chr2	47409343	C	CATGCATTT	Likely_Benign
indel	chr2	47415176	G	GC	Likely_Benign
indel	chr2	47415372	C	CTTTTT	Likely_Benign
indel	chr2	47421225	C	CAAAAA	Likely_Benign
indel	chr2	47461737	A	ATTTTTTTTTT	Likely_Benign
indel	chr2	47461737	A	AT	Likely_Benign
indel	chr2	47473725	CAAAAAAAAAAAAA	CAAAAAAAAAAAA	Likely_Benign
indel	chr2	47473725	CAAAAAAAAAAAAA	C	Likely_Benign
indel	chr2	47788246	C	CT	Likely_Benign
indel	chr2	47788905	TC	T	Likely_Benign
indel	chr2	47788915	TTTTTTTG	T	Likely_Benign
indel	chr2	47793318	CAA	C	Likely_Benign
indel	chr2	47795422	A	ATGTG	Likely_Benign
indel	chr1	10370590	T	TAAG	Likely_Benign
indel	chr1	10334149	C	CAAAA	Likely_Benign
indel	chr1	10332501	ATTTTTTTT	A	Likely_Benign
indel	chr1	10315171	CT	C	Likely_Benign
snp	chr8	117980718	T	G	Likely_Benign
snp	chr9	21981035	T	C	Likely_Benign
snp	chr10	86866411	T	C	Likely_Benign
snp	chr10	86925768	T	C	Likely_Benign
snp	chr10	102542446	T	A	Likely_Benign
snp	chr10	102568899	T	A	Likely_Benign
snp	chr11	44119167	T	C	Likely_Benign
snp	chr8	117980705	T	G	Likely_Benign
snp	chr11	44119169	T	C	Likely_Benign
snp	chr12	11874614	G	A	Likely_Benign
snp	chr12	11874635	T	C	Likely_Benign
snp	chr12	11874643	T	C	Likely_Benign
snp	chr12	11874645	T	C	Likely_Benign
snp	chr12	11874650	A	G	Likely_Benign
snp	chr12	11874652	A	G	Likely_Benign
snp	chr12	11874662	A	G	Likely_Benign
snp	chr11	44119169	T	G	Likely_Benign
snp	chr8	117858810	C	A	Likely_Benign
snp	chr8	117858766	A	C	Likely_Benign
snp	chr8	117809218	A	T	Likely_Benign
snp	chr1	10332182	G	A	Likely_Benign
snp	chr1	10370590	T	G	Likely_Benign
snp	chr1	17051693	C	G	Likely_Benign
snp	chr1	193161875	C	T	Likely_Benign
snp	chr1	193161901	C	T	Likely_Benign
snp	chr1	193161927	C	T	Likely_Benign
snp	chr1	193161945	A	T	Likely_Benign
snp	chr1	193161953	C	T	Likely_Benign
snp	chr1	193161979	C	T	Likely_Benign
snp	chr1	193162005	C	T	Likely_Benign
snp	chr1	193162023	A	T	Likely_Benign
snp	chr1	193204218	T	C	Likely_Benign
snp	chr3	36994810	T	A	Likely_Benign
snp	chr3	128491221	T	C	Likely_Benign
snp	chr3	128491223	T	C	Likely_Benign
snp	chr7	5974881	T	C	Likely_Benign
snp	chr7	124876634	A	G	Likely_Benign
snp	chr12	11883290	T	C	Likely_Benign
indel	chr5	112836165	TCC	T	Likely_Benign
snp	chr12	132633164	T	C	Likely_Benign
snp	chr15	32663084	A	G	Likely_Benign
indel	chr1	10231378	C	CT	Likely_Benign
indel	chr1	10236305	A	AC	Likely_Benign
indel	chr1	10236306	A	AACAAC	Likely_Benign
indel	chr1	10240721	A	ATTT	Likely_Benign
indel	chr1	10250341	C	CT	Likely_Benign
indel	chr1	10259491	TA	T	Likely_Benign
indel	chr1	10265200	TTTTATTTATTTATTTA	T	Likely_Benign
indel	chr1	10228363	TA	T	Likely_Benign
indel	chr1	10265200	TTTTATTTATTTATTTA	TTTTATTTATTTA	Likely_Benign
indel	chr1	10273934	C	CT	Likely_Benign
indel	chr1	10279689	CTTTTTTTT	C	Likely_Benign
indel	chr1	10279689	CTTTTTTTT	CTTTTTTT	Likely_Benign
indel	chr1	10293393	AT	A	Likely_Benign
indel	chr1	10306757	TA	T	Likely_Benign
indel	chr1	10306757	TA	TAAA	Likely_Benign
indel	chr1	10311215	CT	C	Likely_Benign
indel	chr1	10273709	CA	C	Likely_Benign
indel	chr1	10216957	CTTTTTTTTTTT	C	Likely_Benign
indel	chr1	10216957	CTTTTTTTTTTT	CTTTTTTTTTT	Likely_Benign
indel	chr1	10215138	TTATATATA	T	Likely_Benign
snp	chr15	32738125	A	C	Likely_Benign
snp	chr17	43100804	A	T	Likely_Benign
snp	chr17	61725145	G	A	Likely_Benign
snp	chr18	51073392	C	T	Likely_Benign
snp	chr21	34849373	C	G	Likely_Benign
snp	chr21	34849380	C	T	Likely_Benign
snp	chr21	34849433	T	G	Likely_Benign
snp	chr21	34849444	C	A	Likely_Benign
snp	chr22	23809069	A	G	Likely_Benign
snp	chr22	23822999	G	T	Likely_Benign
snp	chr22	28708363	A	G	Likely_Benign
snp	chr22	28730269	A	G	Likely_Benign
snp	chr22	28730277	C	A	Likely_Benign
snp	chr22	28730281	A	G	Likely_Benign
snp	chr22	28730286	A	G	Likely_Benign
indel	chr1	10212890	GTATATATA	G	Likely_Benign
indel	chr1	10212890	GTATATATA	GTATATA	Likely_Benign
snp	chr13	48468097	A	G	Likely_Benign
indel	chr5	112836165	TCC	TC	Likely_Benign
indel	chr3	10144496	CTT	C	Likely_Benign
indel	chr7	5993370	C	CA	Likely_Benign
indel	chr9	36911327	CT	C	Likely_Benign
indel	chr9	36911327	CT	CTTT	Likely_Benign
indel	chr9	36919839	CA	C	Likely_Benign
indel	chr9	36919839	CA	CAAA	Likely_Benign
indel	chr9	36924734	TGGAAGGAA	T	Likely_Benign
indel	chr9	36924734	TGGAAGGAA	TGGAAGGAAGGAAGGAA	Likely_Benign
indel	chr9	36924839	A	AAGAGAAGGAAGGAGGGAAGGAGGGAGGGAGAGACGGAGGGAGGGAAGGGGGAGGGAGGGAGAAGGAAGGAGGGAAGGAGGGAGGGAGAGACGGAGGGAGGGAAGGAGGAGGGAAAGAGAAGGAAGGAAGGAAGGAAGGG	Likely_Benign
indel	chr9	36924839	A	AAGAGAAGGAAGGAGGGAAGGAGGGAGGGAGAGACGGAGGGAGGGAAGGGGGAGGGAGGGAGAAGGAAGGAGGGAAGGAGGGAGGGAGAGACGGAGGGAGGGAAGGAGGAGGGAAAGAGAAGGAAGGAAGGAAGGAAGGGAGGGAGGG	Likely_Benign
indel	chr9	36909814	A	ATTT	Likely_Benign
indel	chr9	36929248	AG	A	Likely_Benign
indel	chr9	36933143	C	CA	Likely_Benign
indel	chr9	36933143	C	CAA	Likely_Benign
indel	chr9	36943529	T	TTCTC	Likely_Benign
indel	chr9	36943529	T	TACACAC	Likely_Benign
indel	chr9	36950735	CTTT	C	Likely_Benign
indel	chr9	36950735	CTTT	CT	Likely_Benign
indel	chr9	36952234	C	CTTTT	Likely_Benign
indel	chr9	36957023	C	CCG	Likely_Benign
indel	chr9	36929251	AAGGAAGGAAGGAAGGAAGG	A	Likely_Benign
indel	chr9	36957025	CACT	C	Likely_Benign
indel	chr9	36909814	A	ATTTT	Likely_Benign
indel	chr9	36848350	C	CCACACACACACA	Likely_Benign
indel	chr8	118041665	A	AGAAGGAAG	Likely_Benign
indel	chr8	118041665	A	AGAAGGAAGGAAGGAAGGAAG	Likely_Benign
indel	chr8	118070226	CTGTGTG	C	Likely_Benign
indel	chr8	118070226	CTGTGTG	CTGTGTGTGTGTG	Likely_Benign
indel	chr7	5988052	CAA	C	Likely_Benign
indel	chr8	118073632	AAGAAG	AAGAAGAGAAG	Likely_Benign
indel	chr8	118096617	AAGG	A	Likely_Benign
indel	chr8	118096627	GA	G	Likely_Benign
indel	chr9	36869895	AATGG	A	Likely_Benign
indel	chr8	118096660	AAGGAAGGAAGGAAGGGAGGG	A	Likely_Benign
indel	chr9	21976378	CAA	CA	Likely_Benign
indel	chr9	21981124	GTATA	G	Likely_Benign
indel	chr9	21981158	GTGTA	G	Likely_Benign
indel	chr9	21990611	TGAGA	T	Likely_Benign
indel	chr9	21990611	TGAGA	TGAGAGAGAGAGAGA	Likely_Benign
indel	chr9	21993799	CTGTGTG	CTG	Likely_Benign
indel	chr9	21993799	CTGTGTG	C	Likely_Benign
indel	chr9	36848350	C	CCACACACACACACA	Likely_Benign
indel	chr9	21976378	CAA	C	Likely_Benign
indel	chr8	118039557	CAA	C	Likely_Benign
indel	chr9	36964593	AC	A	Likely_Benign
indel	chr9	36981185	GC	G	Likely_Benign
indel	chr10	86773854	C	CT	Likely_Benign
indel	chr10	86791683	T	TCCTTCCTTCCTCCCTCCCTCCCTC	Likely_Benign
indel	chr10	86804792	GTT	G	Likely_Benign
indel	chr10	86805377	T	TACACACACACACACAC	Likely_Benign
indel	chr10	86809595	C	CT	Likely_Benign
indel	chr10	86809613	C	CTCTTTTT	Likely_Benign
indel	chr10	86835549	CAAAAAAAAAAAAAAAAAAAA	C	Likely_Benign
indel	chr10	86837231	C	CTGTGTGTGTGTGTGTGTG	Likely_Benign
indel	chr10	86773597	GA	G	Likely_Benign
indel	chr10	86837247	C	CTGTG	Likely_Benign
indel	chr10	86883549	C	CAAAA	Likely_Benign
indel	chr10	86906723	C	CAAAAAAAAAAA	Likely_Benign
indel	chr10	86913289	A	ATTT	Likely_Benign
indel	chr10	86923241	G	GA	Likely_Benign
indel	chr10	86923242	T	TGTATATA	Likely_Benign
indel	chr10	86925721	C	CTTTTTTTTTTT	Likely_Benign
indel	chr10	86931242	CA	C	Likely_Benign
indel	chr10	86931280	T	TACACACACACAC	Likely_Benign
indel	chr10	86839592	C	CA	Likely_Benign
indel	chr9	36973105	GAAAGGAAAGGAAAGGAAAGGAAAGGAAAGA	G	Likely_Benign
indel	chr9	132927521	C	CTTT	Likely_Benign
indel	chr9	132914703	CA	C	Likely_Benign
indel	chr9	36981434	C	CAAA	Likely_Benign
indel	chr9	36981434	C	CAAAAAA	Likely_Benign
indel	chr9	36984435	C	CTTTTT	Likely_Benign
indel	chr9	36984435	C	CTTT	Likely_Benign
indel	chr9	36988662	CAA	C	Likely_Benign
indel	chr9	36991108	CAAAAA	CAAAA	Likely_Benign
indel	chr9	36991108	CAAAAA	C	Likely_Benign
indel	chr9	37001810	C	CT	Likely_Benign
indel	chr9	132914703	CA	CAAA	Likely_Benign
indel	chr9	37001827	T	TTC	Likely_Benign
indel	chr9	37018570	C	CAAAAAAAAAA	Likely_Benign
indel	chr9	37018570	C	CAAAAAAAAA	Likely_Benign
indel	chr9	37033599	T	TAC	Likely_Benign
indel	chr9	37033599	T	TACACACAC	Likely_Benign
indel	chr9	132908901	C	CTTTTTTTTTT	Likely_Benign
indel	chr9	132911625	TAAAAAA	TAAAA	Likely_Benign
indel	chr9	132911625	TAAAAAA	T	Likely_Benign
indel	chr9	132913891	GT	G	Likely_Benign
indel	chr9	37003154	TAA	T	Likely_Benign
indel	chr8	118022326	CTT	C	Likely_Benign
indel	chr8	118073632	AAGAAG	A	Likely_Benign
indel	chr22	29656407	CT	C	Likely_Benign
indel	chr7	116716467	GAGAA	G	Likely_Benign
indel	chr7	116726143	G	GTATATATATATATATATATATATATATATATACACACACTATATATACACACACACATGCATATACATATGTGTTGTGTGTGTGTGTTTGTGTGTGTGTA	Likely_Benign
indel	chr7	116754893	GAGAAAGAA	G	Likely_Benign
indel	chr7	116754893	GAGAAAGAA	GAGAAAGAAAGAAAGAA	Likely_Benign
indel	chr7	116754983	G	GGAAA	Likely_Benign
indel	chr7	116754983	G	GGAAAGAAAGAAA	Likely_Benign
indel	chr7	116765286	CAAA	C	Likely_Benign
indel	chr7	124832252	CA	C	Likely_Benign
indel	chr8	117858766	A	AGGCAGGCAGGCAGGCAGGC	Likely_Benign
indel	chr8	117858765	G	GC	Likely_Benign
indel	chr7	124832252	CA	CAA	Likely_Benign
indel	chr7	124844732	CAAA	CA	Likely_Benign
indel	chr7	124844732	CAAA	C	Likely_Benign
indel	chr8	117858712	AGAAGGAAGGAAGGAAG	A	Likely_Benign
indel	chr8	117851616	GAC	GACACACACAC	Likely_Benign
indel	chr7	124855218	CAA	CA	Likely_Benign
indel	chr7	124855218	CAA	C	Likely_Benign
indel	chr8	117851616	GAC	G	Likely_Benign
indel	chr7	124876631	AAC	A	Likely_Benign
indel	chr8	117844137	C	CTATTATTATTAT	Likely_Benign
indel	chr8	118022326	CTT	CT	Likely_Benign
indel	chr8	117844137	C	CTAT	Likely_Benign
indel	chr8	117815934	CA	CAA	Likely_Benign
indel	chr8	117815934	CA	C	Likely_Benign
indel	chr7	124877840	C	CAAAAAAAAAA	Likely_Benign
indel	chr8	117858785	G	GC	Likely_Benign
indel	chr8	117858805	C	CAGGAAGGAAGG	Likely_Benign
indel	chr8	117858810	C	CAGGAAGGAAGGA	Likely_Benign
indel	chr8	117858849	GAAAGAAAGAAAGAAAGAAAGAAAGAAAGAAA	G	Likely_Benign
indel	chr8	118019246	T	TGAAAGAAAGAAAGAAA	Likely_Benign
indel	chr7	5993862	C	CA	Likely_Benign
indel	chr7	6008731	GT	G	Likely_Benign
indel	chr8	118019246	T	TGAAAGAAAGAAA	Likely_Benign
indel	chr8	118002528	C	CTTTTT	Likely_Benign
indel	chr8	117992438	TA	T	Likely_Benign
indel	chr8	117980694	GGTGGTTTT	G	Likely_Benign
indel	chr8	117977420	AAGG	A	Likely_Benign
indel	chr8	117977416	ATCC	A	Likely_Benign
indel	chr8	117973882	AAAGG	A	Likely_Benign
indel	chr8	117973879	AG	A	Likely_Benign
indel	chr8	117952754	G	GA	Likely_Benign
indel	chr7	124885293	C	CAAAA	Likely_Benign
indel	chr7	6008733	CTG	C	Likely_Benign
indel	chr8	117935321	CT	C	Likely_Benign
indel	chr7	116716284	GGAGA	G	Likely_Benign
indel	chr8	117874575	C	CAAAAAAA	Likely_Benign
indel	chr8	117869634	ATACTAT	A	Likely_Benign
indel	chr8	117869630	CT	C	Likely_Benign
indel	chr8	117863411	GTTTTTTTT	GTTTTTTTTTT	Likely_Benign
indel	chr8	117863411	GTTTTTTTT	G	Likely_Benign
indel	chr8	117861488	CTTTTTTTTTTTTT	CTTTTTTTTTTTTTT	Likely_Benign
indel	chr8	117861488	CTTTTTTTTTTTTT	C	Likely_Benign
indel	chr7	116716284	GGAGA	GGAGAGA	Likely_Benign
indel	chr8	117860146	CA	CAAA	Likely_Benign
indel	chr8	117860146	CA	C	Likely_Benign
indel	chr7	116689559	CTT	C	Likely_Benign
indel	chr7	124885293	C	CAAA	Likely_Benign
snp	chr17	31336607	T	A	Benign
indel	chr12	132624855	AGGAG	A	Benign
indel	chr12	132624861	CCAAGG	C	Benign
snp	chr21	35038615	G	C	Benign
indel	chr2	47414420	TAA	T	Not available
indel	chr7	76048981	CGGGGGGGG	C	Not available
indel	chr7	76048981	CGGGGGGGG	CG	Not available
indel	chr7	50375705	ACC	A	Not available
indel	chr7	50375705	ACC	AC	Not available
indel	chr7	50339215	T	TTGTG	Not available
indel	chr7	50339215	T	TTG	Not available
indel	chr7	50329072	C	CA	Not available
indel	chr10	87966902	GTT	G	Not available
snp	chr1	161372356	C	T	Not available
snp	chr1	231373681	T	C	Not available
snp	chr1	161372353	C	G	Not available
snp	chr1	161372334	T	C	Not available
snp	chr1	161372318	T	G	Not available
snp	chr1	161372316	G	C	Not available
snp	chr1	161372287	A	G	Not available
indel	chr7	5997426	G	GA	Not available
indel	chr1	161372350	ATC	A	Not available
snp	chr1	231391090	T	G	Not available
indel	chr1	161374759	CT	C	Not available
indel	chr17	43044804	CT	C	Not available
indel	chr17	31232043	A	AT	Not available
indel	chr2	46375178	G	GA	Not available
indel	chr2	46359257	C	CAA	Not available
indel	chr1	241500602	T	TGAGAGA	Not available
indel	chr1	241500602	T	TGAGA	Not available
indel	chr1	231391087	T	TCTG	Not available
indel	chr1	231391085	T	TGCCCAGGCTGGTCTCAAACTCATGGGCTCACCACGACCGACGCGTGTGTGTGTGTGTGAGAGAGACAGGGAACTCA	Not available
indel	chr1	231391063	T	TGTGTGAGAGAGACAGGGAACTCATTCTGGTGTGTGTGTGTGTGTGTGTGTGTGTGTGTGTGTGTGTGA	Not available
indel	chr1	231387257	C	CACA	Not available
indel	chr10	27023979	T	TACACACACACACACACACAC	Not available
indel	chr10	27023979	T	TACACACACACACACAC	Not available
indel	chr10	27069194	CAAAAAAAAAAA	CA	Not available
indel	chr10	27069194	CAAAAAAAAAAA	C	Not available
indel	chr1	231387256	C	CA	Not available
indel	chr1	231380315	C	CAAAA	Not available
indel	chr2	208237764	C	CA	Not available
indel	chr1	231373690	GTGTGTGTGTGTGTA	G	Not available
indel	chr1	231373675	TGC	T	Not available
indel	chr17	31336607	T	TA	Not available
indel	chr13	48464958	C	CT	Not available
indel	chr1	114738661	CTT	C	Not available
