variant_type	chromosome	pos	ref	alt	pcgr_tier
snp	chr2	178560787	C	T	TIER_3
snp	chr14	106723819	G	A	TIER_4
indel	chr11	2418192	TCCCAAGAGAAATGCTTGCTGGGGAACTTCTCCTTAAACTGCTTCTCGGCCA	T	TIER_4
indel	chr12	104251652	AGGTCCACATGCACACGCTGTACTGAGGTAAGGCTTTAAACTCAAGG	A	TIER_4
indel	chr8	64581002	AGGGGGCAGGGCTGCTGTTGCCGCCGCCTGGAGGAGGCGGCGGC	A	TIER_4
indel	chr6	73363176	AG	A	TIER_4
indel	chrX	134796334	GGCTTGGGGACGGGGGCGGGGGCTGGGGGCGGAGAAAAGTAGGAGA	G	TIER_4
indel	chr17	4818361	TGGACAGAATCCTGAA	T	TIER_4
snp	chrX	82993520	A	T	NONCODING
snp	chrX	80218641	T	A	NONCODING
snp	chrX	80115741	G	T	NONCODING
snp	chrX	76690781	A	G	NONCODING
snp	chr1	4874843	C	T	NONCODING
snp	chrX	90127164	A	T	NONCODING
snp	chrX	75508923	C	T	NONCODING
snp	chrX	75153749	T	C	NONCODING
snp	chrX	75153747	C	T	NONCODING
snp	chrX	74312056	C	A	NONCODING
snp	chrX	73949788	C	T	NONCODING
snp	chrX	69984109	G	A	NONCODING
snp	chrX	75772292	G	A	NONCODING
snp	chrX	90279571	C	T	NONCODING
snp	chrX	91957564	C	T	NONCODING
snp	chrX	91175477	C	T	NONCODING
snp	chrX	112174605	G	C	NONCODING
snp	chrX	108124471	G	T	NONCODING
snp	chrX	106018630	T	A	NONCODING
snp	chrX	105447110	A	T	NONCODING
snp	chrX	104051331	A	G	NONCODING
snp	chrX	100971487	T	C	NONCODING
snp	chrX	90963776	A	T	NONCODING
snp	chrX	100848303	C	T	NONCODING
snp	chrX	99347312	G	T	NONCODING
snp	chrX	98586828	A	C	NONCODING
snp	chrX	92807416	C	T	NONCODING
snp	chrX	92807415	G	T	NONCODING
snp	chrX	64436554	G	A	NONCODING
snp	chrX	91828052	T	G	NONCODING
snp	chrX	99347313	G	T	NONCODING
snp	chrX	64436287	A	T	NONCODING
snp	chrX	63844263	A	C	NONCODING
snp	chrX	63868129	A	T	NONCODING
snp	chrX	49197098	C	T	NONCODING
snp	chrX	49070644	T	G	NONCODING
snp	chrX	48977739	G	A	NONCODING
snp	chrX	48222059	G	A	NONCODING
snp	chrX	47462973	G	A	NONCODING
snp	chrX	47462969	A	G	NONCODING
snp	chrX	44853438	C	T	NONCODING
snp	chrX	42357610	C	T	NONCODING
snp	chrX	41377150	A	G	NONCODING
snp	chrX	39859508	A	C	NONCODING
snp	chrX	37962645	C	T	NONCODING
snp	chrX	29918526	A	T	NONCODING
snp	chrX	27719507	C	T	NONCODING
snp	chrX	26099033	G	A	NONCODING
snp	chrX	26099032	G	A	NONCODING
snp	chrX	50730194	G	A	NONCODING
snp	chrX	64313639	T	C	NONCODING
snp	chrX	51133390	A	T	NONCODING
snp	chrX	52337581	G	C	NONCODING
snp	chrX	113821427	C	T	NONCODING
snp	chrX	63540898	A	T	NONCODING
snp	chrX	63118960	T	C	NONCODING
snp	chrX	63053121	T	A	NONCODING
snp	chrX	57942510	T	C	NONCODING
snp	chrX	57161449	C	T	NONCODING
snp	chrX	57013412	G	C	NONCODING
snp	chrX	55220331	C	T	NONCODING
snp	chrX	54433980	C	G	NONCODING
snp	chrX	53365901	T	G	NONCODING
snp	chrX	52711041	A	G	NONCODING
snp	chrX	52647531	T	C	NONCODING
snp	chrX	52630329	C	G	NONCODING
snp	chrX	52417083	C	T	NONCODING
snp	chrX	52367900	G	A	NONCODING
snp	chrX	51200856	C	T	NONCODING
snp	chrX	114018897	C	T	NONCODING
snp	chrX	116871382	A	G	NONCODING
snp	chrX	17232064	A	G	NONCODING
indel	chr1	148356181	GCACACAGGCCTGGCTACATTTCCCCCAGT	G	NONCODING
indel	chr1	148017753	A	AATAAT	NONCODING
indel	chr1	146052034	ATGCGTTTCTGCAGCAAACAAAACCTATTTT	A	NONCODING
indel	chr1	145227952	CCTTAACGCAAGAATGAAGTAGAAATA	C	NONCODING
indel	chr1	103460414	CCTCTTGAACTCATGTATGAGAGACACTGCTCTCTGAAAGTCACAGGGAATTGTATCTT	C	NONCODING
indel	chr1	86797761	A	AAT	NONCODING
indel	chr1	84393365	TGGCACTCATTTGAGTGGAACACAGACTTTTATCTGATAAAGAGCATTGAAAACACAAATAACATGGGCTTGAGGTCATTTAAA	T	NONCODING
indel	chr1	57127577	GA	G	NONCODING
indel	chr1	41493408	AGGTGGGCCTGGTGGGCCCAACCTGGCAGAACAGGCACACCCCCTCCTT	A	NONCODING
indel	chr1	38506974	CTGGAATCCAGCAGCCCAGACTTCCACATCATAATTTTCTGGGGCAATGGTTTTCAAACTTCACTGTACG	C	NONCODING
indel	chr1	36962345	AGCCACAGATGGAAGATCCTAGCCTCAGGTCCCTGGGGCTCCCTCTGGTATCCCCTAGGTACATGCAT	A	NONCODING
indel	chr1	27562209	TGGCTCGGCGGGGGC	T	NONCODING
indel	chr1	19209119	GTAACAAATAGCAATTTT	G	NONCODING
snp	chrX	153070643	G	C	NONCODING
snp	chrX	153026806	G	A	NONCODING
indel	chr1	170091636	C	CT	NONCODING
indel	chr1	170244148	CAGCAAGACTGTTTGTCTTTTTAATAATAGGTATTCTGACTTCT	C	NONCODING
indel	chr1	174483817	C	CT	NONCODING
indel	chr1	203769394	AAAAAAAG	A	NONCODING
indel	chr2	220245475	TGCCAGTTCTGAGCCTAAGCCTCAAGA	T	NONCODING
indel	chr2	214499473	AGGGGAACATCACACACTGGAGCCTGTCGTGGGGTGGGGGGAGGGGTGGAG	A	NONCODING
indel	chr2	214129241	CGTTTCTTTAATTAGGG	C	NONCODING
indel	chr2	211135365	C	CTTATT	NONCODING
indel	chr2	206210480	CAG	C	NONCODING
indel	chr2	200684614	TGGCGGCACTCGGCA	T	NONCODING
indel	chr2	170509502	GTTTATTTGACAGGGAAAAAATAGAATACAACAATAACATGTAAGAGA	G	NONCODING
snp	chrX	151653803	C	T	NONCODING
indel	chr2	161780332	AATGGAATCTCTCATTATAGCAGAGTTTTCCTACAAAACAAAAAGGACAG	A	NONCODING
indel	chr2	99795358	GTGGAATGACAGACACTGGGGACTCAGAAGGGCAA	G	NONCODING
indel	chr2	95295159	TTCCTCTGCTCCTGACTCC	T	NONCODING
indel	chr2	87115397	CTTTGCATTGGGTTTATTTTTATT	C	NONCODING
indel	chr2	17317827	ATAAAATGCTGTGTGAATTTGGGCAGGGTGTATGGGAAAAACAAACTGAACAGGGGCAGGGTCTTTAGCCT	A	NONCODING
indel	chr1	243176237	CACAGTGGGGAAGGAGATGAGACACCTAATTTTTATGCTTGCACCCCA	C	NONCODING
indel	chr1	222319604	TTTCACACATGTTATCTCATTTGA	T	NONCODING
indel	chr1	212791835	ATCCGGCTGGAAACTCAGGACGCTGCAGCTGAAACGT	A	NONCODING
indel	chr2	100085244	CTCTTTTTCAAAGCAAA	C	NONCODING
snp	chrX	116871380	G	A	NONCODING
snp	chrX	151234736	C	T	NONCODING
snp	chrX	149920912	T	G	NONCODING
snp	chrX	141230402	G	C	NONCODING
snp	chrX	140996147	A	G	NONCODING
snp	chrX	140013870	T	C	NONCODING
snp	chrX	136125309	G	T	NONCODING
snp	chrX	133673181	A	G	NONCODING
snp	chrX	133218430	G	A	NONCODING
snp	chrX	126938660	G	A	NONCODING
snp	chrX	126914682	T	G	NONCODING
snp	chrX	125613489	A	G	NONCODING
snp	chrX	125610187	T	C	NONCODING
snp	chrX	125152229	G	A	NONCODING
snp	chrX	121085724	A	T	NONCODING
snp	chrX	120189235	T	G	NONCODING
snp	chrX	119702610	T	C	NONCODING
snp	chrX	118282545	C	G	NONCODING
snp	chrX	141231349	C	G	NONCODING
snp	chrX	141239664	C	G	NONCODING
snp	chrX	141489591	A	T	NONCODING
snp	chrX	141522117	A	G	NONCODING
snp	chrX	149599161	C	A	NONCODING
snp	chrX	149598938	G	A	NONCODING
snp	chrX	149598415	G	C	NONCODING
snp	chrX	149402786	A	T	NONCODING
snp	chrX	148581069	A	G	NONCODING
snp	chrX	146255544	A	G	NONCODING
snp	chrX	146255543	C	T	NONCODING
snp	chrX	149995019	C	T	NONCODING
snp	chrX	146052635	A	C	NONCODING
snp	chrX	144668600	A	G	NONCODING
snp	chrX	141790701	A	T	NONCODING
snp	chrX	141692164	G	A	NONCODING
snp	chrX	141589157	C	T	NONCODING
snp	chrX	141589151	C	T	NONCODING
snp	chrX	141588917	G	A	NONCODING
snp	chrX	141569864	G	A	NONCODING
snp	chrX	144668601	G	T	NONCODING
snp	chrX	14922513	C	T	NONCODING
snp	chrX	9919989	A	C	NONCODING
snp	chrX	12566943	T	A	NONCODING
snp	chr18	6462316	A	G	NONCODING
snp	chr17	83135290	A	G	NONCODING
snp	chr17	82856749	C	T	NONCODING
snp	chr17	79991714	G	A	NONCODING
snp	chr17	79991709	G	A	NONCODING
snp	chr17	79986834	G	A	NONCODING
snp	chr18	32860881	G	C	NONCODING
snp	chr17	78749654	A	G	NONCODING
snp	chr17	71012139	G	A	NONCODING
snp	chr17	69500506	C	T	NONCODING
snp	chr17	67468778	C	G	NONCODING
snp	chr17	49059972	G	C	NONCODING
snp	chr17	38083989	C	T	NONCODING
snp	chr17	36272849	A	T	NONCODING
snp	chr17	72514974	G	A	NONCODING
snp	chr18	34531365	C	G	NONCODING
snp	chr18	35101256	C	A	NONCODING
snp	chr18	37550107	A	G	NONCODING
snp	chr19	22370470	A	T	NONCODING
snp	chr19	12008502	G	C	NONCODING
snp	chr19	8012860	G	T	NONCODING
snp	chr19	597820	A	G	NONCODING
snp	chr19	459238	C	T	NONCODING
snp	chr18	70899887	C	T	NONCODING
snp	chr18	70317501	T	C	NONCODING
snp	chr18	64744339	T	A	NONCODING
snp	chr18	63449823	G	A	NONCODING
snp	chr18	62050126	G	A	NONCODING
snp	chr18	57836245	C	G	NONCODING
snp	chr18	56270585	G	C	NONCODING
snp	chr18	55822875	C	T	NONCODING
snp	chr18	52880773	T	A	NONCODING
snp	chr18	41893676	G	T	NONCODING
snp	chr17	32350825	C	G	NONCODING
snp	chr17	22204664	T	C	NONCODING
snp	chr17	18827367	G	C	NONCODING
snp	chr17	18824361	G	C	NONCODING
snp	chr16	81157344	C	A	NONCODING
snp	chr16	78792694	A	G	NONCODING
snp	chr16	78048326	G	T	NONCODING
snp	chr16	77908226	G	A	NONCODING
snp	chr16	76961942	T	G	NONCODING
snp	chr16	75970513	A	T	NONCODING
snp	chr16	75970511	T	A	NONCODING
snp	chr16	75043851	G	A	NONCODING
snp	chr16	74774370	G	T	NONCODING
snp	chr16	74377631	C	T	NONCODING
snp	chr16	73864917	G	C	NONCODING
snp	chr16	73839232	G	A	NONCODING
snp	chr16	73839231	G	A	NONCODING
snp	chr16	71072256	T	A	NONCODING
snp	chr16	68463628	C	A	NONCODING
snp	chr16	81743721	G	C	NONCODING
snp	chr19	28114819	T	G	NONCODING
snp	chr16	82492386	C	T	NONCODING
snp	chr16	84310526	C	A	NONCODING
snp	chr17	18582340	G	A	NONCODING
snp	chr17	4853466	A	G	NONCODING
snp	chr17	4218888	G	C	NONCODING
snp	chr17	2200390	G	A	NONCODING
snp	chr16	89648436	G	A	NONCODING
snp	chr16	89091746	C	T	NONCODING
snp	chr16	89042558	C	T	NONCODING
snp	chr16	88465713	C	T	NONCODING
snp	chr16	88448296	C	T	NONCODING
snp	chr16	88279569	A	G	NONCODING
snp	chr16	86846221	T	C	NONCODING
snp	chr16	86267018	T	C	NONCODING
snp	chr16	86267016	T	C	NONCODING
snp	chr16	86110292	G	A	NONCODING
snp	chr16	86102255	T	C	NONCODING
snp	chr16	82793886	G	A	NONCODING
snp	chr19	28142529	A	G	NONCODING
snp	chr19	31213693	T	C	NONCODING
snp	chr19	37789485	G	C	NONCODING
snp	chr22	49237602	C	G	NONCODING
snp	chr22	46566890	T	G	NONCODING
snp	chr22	45983089	A	G	NONCODING
snp	chr22	43244226	C	A	NONCODING
snp	chr22	38862340	C	T	NONCODING
snp	chr22	26936653	G	T	NONCODING
snp	chr22	25272204	C	T	NONCODING
snp	chr22	23934091	G	C	NONCODING
snp	chr22	21062746	G	T	NONCODING
snp	chr22	19895975	C	T	NONCODING
snp	chr22	15812110	A	G	NONCODING
snp	chr22	15812109	G	T	NONCODING
snp	chr22	15730236	A	G	NONCODING
snp	chr22	15584061	G	A	NONCODING
snp	chr22	15515615	C	T	NONCODING
snp	chrX	401034	C	T	NONCODING
snp	chr22	15437642	C	T	NONCODING
snp	chrX	450070	A	G	NONCODING
snp	chrX	663543	A	G	NONCODING
indel	chr2	226716247	CTGGGTAACACTGGAG	C	NONCODING
snp	chrX	8499082	C	A	NONCODING
snp	chrX	6038681	A	G	NONCODING
snp	chrX	5670195	T	A	NONCODING
snp	chrX	4864619	T	C	NONCODING
snp	chrX	3827527	G	A	NONCODING
snp	chrX	3397990	T	G	NONCODING
snp	chrX	2166587	T	C	NONCODING
snp	chrX	2166520	G	C	NONCODING
snp	chrX	2166451	C	A	NONCODING
snp	chrX	2166292	G	T	NONCODING
snp	chrX	1652136	G	C	NONCODING
snp	chrX	1651907	G	T	NONCODING
snp	chrX	1177565	A	C	NONCODING
snp	chrX	741841	C	A	NONCODING
snp	chrX	599314	T	G	NONCODING
snp	chrX	14401174	A	G	NONCODING
snp	chr22	11948906	A	T	NONCODING
snp	chr22	11923809	T	C	NONCODING
snp	chr20	10730907	A	T	NONCODING
snp	chr20	4952099	G	C	NONCODING
snp	chr20	4693915	G	A	NONCODING
snp	chr19	57294469	T	C	NONCODING
snp	chr19	55978242	G	A	NONCODING
snp	chr19	55758995	C	A	NONCODING
snp	chr19	54821683	G	A	NONCODING
snp	chr19	53769416	C	T	NONCODING
snp	chr19	52868955	G	A	NONCODING
snp	chr19	49411259	C	G	NONCODING
snp	chr19	49172710	A	G	NONCODING
snp	chr19	48356493	A	C	NONCODING
snp	chr19	46907260	C	T	NONCODING
snp	chr19	45226712	A	G	NONCODING
snp	chr19	38521118	A	G	NONCODING
snp	chr20	13690951	G	A	NONCODING
snp	chr22	11941312	G	A	NONCODING
snp	chr20	29655083	C	T	NONCODING
snp	chr20	31578940	C	T	NONCODING
snp	chr22	11913289	A	T	NONCODING
snp	chr21	34764636	T	A	NONCODING
snp	chr21	31773495	C	G	NONCODING
snp	chr21	18870466	A	G	NONCODING
snp	chr21	18870465	C	A	NONCODING
snp	chr20	64291199	A	C	NONCODING
snp	chr20	63609908	G	C	NONCODING
snp	chr20	63536281	C	T	NONCODING
snp	chr20	63029355	T	C	NONCODING
snp	chr20	62608942	T	C	NONCODING
snp	chr20	62360629	G	A	NONCODING
snp	chr20	61151212	C	T	NONCODING
snp	chr20	57579267	G	A	NONCODING
snp	chr20	57526538	T	G	NONCODING
snp	chr20	50390321	G	A	NONCODING
snp	chr20	29677203	C	A	NONCODING
indel	chr2	228790359	AATCTTATAATAATGAGAGAGAGTAGTTTTTCTAAGATGTTTCATCCAG	A	NONCODING
indel	chr3	15009081	GCATGGTGAC	G	NONCODING
indel	chr2	233227059	CTTGTTTAAAAATGAATAAGATCATCTTTTGATGGCAACTCT	C	NONCODING
indel	chr16	81743722	T	TGAG	NONCODING
indel	chr16	77998079	AC	A	NONCODING
indel	chr16	75430165	TTTTG	T	NONCODING
indel	chr16	73325920	C	CACACACACACAAAA	NONCODING
indel	chr16	70888102	TGTCTTTGCTGAGACATACTATTTTAA	T	NONCODING
indel	chr16	69806949	T	TATTC	NONCODING
indel	chr16	83337206	ACATTTCTACTGGATACCTGCTCACC	A	NONCODING
indel	chr16	69331490	G	GA	NONCODING
indel	chr16	66222179	C	CATAT	NONCODING
indel	chr16	64310854	T	TTG	NONCODING
indel	chr16	57879759	TTC	T	NONCODING
indel	chr16	55798677	T	TTTCC	NONCODING
indel	chr16	51189616	A	AAAT	NONCODING
indel	chr16	50155268	C	CGTGTGTGTGTGTGTGT	NONCODING
indel	chr16	68672197	A	AT	NONCODING
indel	chr16	84196461	GCAACCCCTTCGCT	G	NONCODING
indel	chr16	86110294	GA	G	NONCODING
indel	chr16	87798596	TAA	T	NONCODING
indel	chr19	14216089	AATGTATAAT	A	NONCODING
indel	chr18	77230257	CTTCCAGGTATCTGCCCAGAGGAAAAGAAGTCA	C	NONCODING
indel	chr18	57914497	CATGAAGTTATTATGCTTTATTTGAGTA	C	NONCODING
indel	chr18	56365644	ATATCAGTTAGCTGTAAATATTTGGGTT	A	NONCODING
indel	chr18	35607093	ATAAGTAGGCT	A	NONCODING
indel	chr18	13628718	CACAGTGGGCAGAGCTTTGGAAGAGTCAATGCTTATCTTTAAAGTG	C	NONCODING
indel	chr17	82097413	GGGCCTGATACGCGCGCCGCCCCTCGGCAGTGCGGCCTCCCTTGGGCCGTCCC	G	NONCODING
indel	chr17	81426013	A	ATAC	NONCODING
indel	chr17	46752123	GGCTGGGCTCCTAGAAATTTCATGCAAACTACT	G	NONCODING
indel	chr17	21762368	G	GT	NONCODING
indel	chr17	15750021	G	GC	NONCODING
indel	chr17	15750012	GC	G	NONCODING
indel	chr17	243736	A	AC	NONCODING
indel	chr16	89704549	GTGGTCGTTTTGGCAGCCCCTGGCAA	G	NONCODING
indel	chr16	89372333	ACCACTGCAGGGCCTGCCGCCGGTGTGGAGAGCCCGAGTCACGGAGCCCCATGCTGCCCCT	A	NONCODING
indel	chr16	49479557	TAATAAAATAA	T	NONCODING
indel	chr16	34785237	C	CA	NONCODING
indel	chr16	22528785	CCTCCACCTCCCAGGT	C	NONCODING
indel	chr16	20569157	GTTTTTCTGATGTTATCTTCTAGAA	G	NONCODING
indel	chr13	56711127	AT	A	NONCODING
indel	chr13	49540123	CCTTCAGCTCACTGATCATCCTTAATGCTTCCTTTAAGGTACTATCTTCATCCAG	C	NONCODING
indel	chr13	34639501	GTGTGACATCAACAACAAATCATGCTTAATTCTCCATGCTGC	G	NONCODING
indel	chr13	21328788	CTTTAGTGGGCAAATACAGCCATAAATGAGTA	C	NONCODING
indel	chr12	132587888	GGA	G	NONCODING
indel	chr12	70007995	CTGATTGTTTAAAAGTCTGTCACCTCCCCGCCTCTTTTTCCTGCTTCTTCTCTCA	C	NONCODING
indel	chr12	68546575	TCAAACCACACTAAGAAAAATCCATTTAGTAAATTCC	T	NONCODING
indel	chr12	64238928	AT	A	NONCODING
indel	chr12	24010465	AAACAGAAATAGGAGGTAGCAGTTGCTTTGCCTAAATTGCAC	A	NONCODING
indel	chr12	3198381	AC	A	NONCODING
indel	chr12	1210023	CACTGTTTTCACTGGCACCTGTTGCCTTGTTGCTT	C	NONCODING
indel	chr11	127925314	GGCCAAGTCCAAAGTTGCAAGTTACCCAGGAA	G	NONCODING
indel	chr11	93909041	GGGCCACATCTCTAATGACAAAGGGACAGGCACCAGTTTGGT	G	NONCODING
indel	chr11	70067810	AGTGACCGTTTAGGATTCAGCTGAGAAGCCACTCCCTGTGCAAAGTCTTCCGGAATTGACCAT	A	NONCODING
indel	chr11	64306654	GAGCGAGCCTGCGTGGGCTTGTGGGGCTCCTGAGCACCCC	G	NONCODING
indel	chr13	84787880	TGCAATAGACAAGTAGTCCTGGGGAG	T	NONCODING
indel	chr19	22862476	A	ATATAT	NONCODING
indel	chr13	106210208	T	TATAGAG	NONCODING
indel	chr14	67984002	GATCTTGGCTCACT	G	NONCODING
indel	chr16	948721	C	CAG	NONCODING
indel	chr15	94230003	CAATTTTGCCATAGGCCTCAGCTTGCTCTGACTCGGCTACT	C	NONCODING
indel	chr15	93904811	GTTTAAATTCCAAACAAAATTTCCATCAACAACCTGA	G	NONCODING
indel	chr15	92788852	TCCTGATCCGCCTGCCCTGACTTC	T	NONCODING
indel	chr15	90348230	TCCCTGTCTAAATTTCTGGGTTGGTGTCTACTGCCG	T	NONCODING
indel	chr15	72536221	ACTTCTTTTGTAAATGTCCTCCATACTTTTATTTTTATCTTTTAAATTTTATTT	A	NONCODING
indel	chr15	69276738	ACTCCACCGTCTACACAGTGGG	A	NONCODING
indel	chr15	64562177	TTTCTCAGTTTGGCATAGTGCCAAGAACATTGATAAATGTTGGCCCCAAAATGATTGTCAAAGTTCTG	T	NONCODING
indel	chr15	51420077	AT	A	NONCODING
indel	chr14	106292580	C	CA	NONCODING
indel	chr14	99615484	CAATGAGCTGTGATTGTGCCACTGCACTCCAGCTTGGGTGGCAGAGTGAGACTCTGTGTCAGAAAGAAAAGAA	C	NONCODING
indel	chr14	97278196	CCCCTGGGTATGGGCAAGGTTCCCT	C	NONCODING
indel	chr14	97138733	GGTCCAGGACAGTTCTCCA	G	NONCODING
indel	chr14	86136909	AATAATTCAACATATGCAAATCAATATGTGACACATCACATTAACAGAATGAACTACAACACCACATT	A	NONCODING
indel	chr14	75724544	TAGAGAATAATTAGTTCAGATATAGAAATTGAAACCCTG	T	NONCODING
indel	chr13	113364300	A	AG	NONCODING
indel	chr11	37744984	TA	T	NONCODING
indel	chr19	23419341	CCGCCCCGTCTGAGA	C	NONCODING
indel	chr20	13588380	AAGTAAAATTGTCTGTTTCAAGATAACATGACGCTGTATGTAGAAAATCCT	A	NONCODING
indel	chrX	120068933	T	TCTGGACCC	NONCODING
indel	chrX	117991843	GAA	G	NONCODING
indel	chrX	114387114	A	ATAT	NONCODING
indel	chrX	104449173	A	ACCAGAGTAGATTTAG	NONCODING
indel	chrX	101275319	TC	T	NONCODING
indel	chrX	95877436	T	TTTTTC	NONCODING
indel	chrX	123550627	TTA	T	NONCODING
indel	chrX	95293888	TTA	T	NONCODING
indel	chrX	90225786	CAT	C	NONCODING
indel	chrX	90225728	T	TAA	NONCODING
indel	chrX	89912263	CAAG	C	NONCODING
indel	chrX	89427000	C	CAT	NONCODING
indel	chrX	88295670	T	TTA	NONCODING
indel	chrX	82062945	G	GA	NONCODING
indel	chrX	91957566	C	CTAT	NONCODING
indel	chrX	125607846	TATATATATAA	T	NONCODING
indel	chrX	125608136	TATATATATAAATATAA	T	NONCODING
indel	chrX	126923539	ATATG	A	NONCODING
indel	chrX	151053388	C	CTT	NONCODING
indel	chrX	150522997	ACTTT	A	NONCODING
indel	chrX	150403879	G	GAAAGAAAGAAGAAAGAA	NONCODING
indel	chrX	149540286	CT	C	NONCODING
indel	chrX	146255714	A	AGC	NONCODING
indel	chrX	144644817	CAT	C	NONCODING
indel	chrX	143667419	TAA	T	NONCODING
indel	chrX	143499771	ATT	A	NONCODING
indel	chrX	142632966	T	TGGTGG	NONCODING
indel	chrX	141774252	T	TATAC	NONCODING
indel	chrX	136451129	A	ACATG	NONCODING
indel	chrX	136125310	TGCACAC	T	NONCODING
indel	chrX	134837343	CCTT	C	NONCODING
indel	chrX	134788146	T	TAC	NONCODING
indel	chrX	134788122	TAC	T	NONCODING
indel	chrX	79355897	C	CCT	NONCODING
indel	chrX	77740077	A	AAT	NONCODING
indel	chrX	68642984	A	AC	NONCODING
indel	chrX	68642982	T	TA	NONCODING
indel	chrX	754145	T	TTTATTA	NONCODING
indel	chrX	663459	ATGTTTATATATCAG	A	NONCODING
indel	chrX	663425	ATG	A	NONCODING
indel	chrX	579644	ATAGATAGC	A	NONCODING
indel	chrX	440254	T	TACAC	NONCODING
indel	chr22	39112897	GCAGTATATACAAACAGTAGAATATTAGGAGATTCTAT	G	NONCODING
indel	chr22	11913228	GGCAGCTT	G	NONCODING
indel	chr22	10572812	GC	G	NONCODING
indel	chr21	46018975	ACGTTAAAAGATAAGAAAAGCAG	A	NONCODING
indel	chr21	9739065	ACCAGGTTTCATTCATAACAAACCTGTGTCTTTGTC	A	NONCODING
indel	chr20	48133844	GAGTGTTTTTATGATAAAAGAGTGTT	G	NONCODING
indel	chr20	30653011	GGCCACAT	G	NONCODING
indel	chr20	29779383	AT	A	NONCODING
indel	chr20	29342093	ATC	A	NONCODING
indel	chr20	17917687	GAGATGGGGTTTCACCATGTTGATCAGGCTGGTTTCAAACTCCTGACCT	G	NONCODING
indel	chrX	1175800	ATAT	A	NONCODING
indel	chr19	30533875	AGCCCAGAGAAGGTTCTCTT	A	NONCODING
indel	chrX	1514792	TCCTTC	T	NONCODING
indel	chrX	2165924	C	CTA	NONCODING
indel	chrX	65352316	CG	C	NONCODING
indel	chrX	64467559	GAACAAGCTTGAATAAGTAAAAATCTGCCTCAGTGAGTTAAGGACCAGTGGCTTGGA	G	NONCODING
indel	chrX	47971608	CAT	C	NONCODING
indel	chrX	39893567	C	CAGAACACATCGGTCACCCAG	NONCODING
indel	chrX	25211917	AC	A	NONCODING
indel	chrX	7873451	CAT	C	NONCODING
indel	chrX	7866335	G	GCTTCCTTCCTTCCTTC	NONCODING
indel	chrX	5804080	GA	G	NONCODING
indel	chrX	3685264	C	CT	NONCODING
indel	chrX	3294269	C	CTCTTTCTCCTCCTCT	NONCODING
indel	chrX	2845519	GTA	G	NONCODING
indel	chrX	2212924	A	AAAGGAAGGAAGGAAGG	NONCODING
indel	chrX	2166491	T	TAC	NONCODING
indel	chrX	2166345	GTA	G	NONCODING
indel	chrX	2166088	G	GAT	NONCODING
indel	chrX	1803570	A	ATCTG	NONCODING
indel	chr10	124154659	AC	A	NONCODING
indel	chr10	124154645	ACC	A	NONCODING
indel	chr10	108603165	TTATTCATGAATCAGGTAATTCACTGA	T	NONCODING
indel	chr6	7273521	CAGAT	C	NONCODING
indel	chr6	4418474	C	CAAAT	NONCODING
indel	chr6	3946590	G	GTGTGTGTGTT	NONCODING
indel	chr6	3562068	TC	T	NONCODING
indel	chr6	3145669	CG	C	NONCODING
indel	chr6	1125816	AG	A	NONCODING
indel	chr6	8576606	TTAAAAAACAAATAGGAATTCAATCAC	T	NONCODING
indel	chr6	469567	GTCTC	G	NONCODING
indel	chr5	156084935	ATTGGTATTATCAAATGATTTTTCTTCATTCGC	A	NONCODING
indel	chr5	152960398	AGT	A	NONCODING
indel	chr5	152406918	TCTCTGGAATTTTGATTATCATTGTGATAGAGGAAAAGAGAG	T	NONCODING
indel	chr5	78090550	ACAGCTTATATGTGCCTTCTTTGTTC	A	NONCODING
indel	chr5	63494410	T	TC	NONCODING
indel	chr5	38006167	ATCAAATGGTAGTTCTATTTTTAGTTCTTTAAGGAATCCCCACACTGTTT	A	NONCODING
indel	chr6	162327	C	CT	NONCODING
indel	chr6	8859061	TTACGATGGAAAATTCCAATTAGTCAACCTATCGATACAGCTTCATTATTAAGCAACA	T	NONCODING
indel	chr6	8909474	ATTATCCCACCTGAAGGATGTAGAGAT	A	NONCODING
indel	chr6	18426807	CA	C	NONCODING
indel	chr6	31381045	AAT	A	NONCODING
indel	chr6	30864850	TCTGAACCTTCACAATATCCATCCCTTACCCTCCCCGCTGACCAAGTGGCTCTGGATCCCAGTCAGGCGCTAAA	T	NONCODING
indel	chr6	30487830	CTTTATTTCCTGCACAGGACTTGTAAAGAGGAGA	C	NONCODING
indel	chr6	30364464	A	ACT	NONCODING
indel	chr6	29066160	AACTAGTTTACAGTCCC	A	NONCODING
indel	chr6	25206644	T	TTTATA	NONCODING
indel	chr6	24863914	AT	A	NONCODING
indel	chr6	24358727	T	TTA	NONCODING
indel	chr6	24150867	GAA	G	NONCODING
indel	chr6	24145247	AAGAT	A	NONCODING
indel	chr6	24145240	TA	T	NONCODING
indel	chr6	24145223	T	TTA	NONCODING
indel	chr6	24029573	CT	C	NONCODING
indel	chr6	22437013	T	TTA	NONCODING
indel	chr6	20168675	GAGA	G	NONCODING
indel	chr5	36390480	GTGAAGACTACAGCTAAATCACAGGTGGTTGTGGGTGTGGTCGAGAATAGGAAAA	G	NONCODING
indel	chr5	32778611	GCT	G	NONCODING
indel	chr5	23419724	GCAGAAATTTAAAAATCT	G	NONCODING
indel	chr5	19585376	AATAGGACTTAATAC	A	NONCODING
indel	chr4	16737216	TTCACTTATTTAATTTTATTTATTTATTTTTGAGACAGGATCTGGCTCTATCGCC	T	NONCODING
indel	chr4	13233025	GAA	G	NONCODING
indel	chr3	191650344	TGAGACGAGGCAAGTCCCTTCCACCTATGAGCCTGAAAATTAAAAC	T	NONCODING
indel	chr3	175449405	TTTTTTTTTGAGACAGAGTCTCGCTCTGTCTCCCAGACTGCAGTGCAGTGGCACAGTCTCGGCTC	T	NONCODING
indel	chr3	156043059	GCTCTTCTCCCTCCTTTCACCCTCCACCTTCAAGGAGGCCC	G	NONCODING
indel	chr3	150270298	CATCCTCTGAACATCTTTACTAACTAGCAATAAACTTATTTTATAAAT	C	NONCODING
indel	chr3	144465689	AAGTATCAAAAGTGAAGTTCTTTTTTGCTTC	A	NONCODING
indel	chr3	140271371	TTATAACAATGTTACCGAACACTGGGA	T	NONCODING
indel	chr3	136261756	ATCAGCCTATTAAATATCTGGTCCTT	A	NONCODING
indel	chr3	85366865	ATAATGATAGAGGTATGAAGAAAATAGTTTTAATCTTCTATTAGTGCTCT	A	NONCODING
indel	chr3	40818770	G	GA	NONCODING
indel	chr3	18137552	GTTTTTATTCTTCTTTGAGGTTTAATAGATAAACTGTAATGA	G	NONCODING
indel	chr3	15009094	TACCTGTAATCCCAGCTACTCG	T	NONCODING
snp	chr16	67634663	A	C	NONCODING
indel	chr2	238788921	GAATTGAGAATTTTTTTCTCTAATTCTAGTACATGCTTA	G	NONCODING
indel	chr4	28186664	ATAAATTGGGGCACCTTTATATGT	A	NONCODING
indel	chr6	33243038	GA	G	NONCODING
indel	chr4	60918497	ATGAACTTTAAAGTAGTTTTTTCCAATTCTGTGAAGAAAGTCATTGTTAGCTTGATGGGGATGGCAT	A	NONCODING
indel	chr4	74241715	GTTTTAAATTTGTCTTATTAATTTTCTTGACATTGCTAAAAAAAGAAGCA	G	NONCODING
indel	chr5	9742603	CAATCCAAGGTTTAG	C	NONCODING
indel	chr5	1381042	CGTGTTGTCACAGCAGCCCGAAT	C	NONCODING
indel	chr4	156589500	TAAAAAGAAGAA	T	NONCODING
indel	chr4	135814511	TATTTAATTGATTTCTCAGTGGACTC	T	NONCODING
indel	chr4	132890186	TCTGCTAAACTTGTACTTGCAAGTCTGGTTAAGGTTAGGA	T	NONCODING
indel	chr4	132681602	ATAAATACACAAATCCTTATGCCAGGAAGGAAGTGAACACTCTTTTACTGACTAGGGTTC	A	NONCODING
indel	chr4	129149280	TTTAAACCTCATTAAAATGACACCTCCTCTGTGAA	T	NONCODING
indel	chr4	127285975	GAAACTTACAAATATTTATCTACAAAAGTGTTCCTC	G	NONCODING
indel	chr4	116274694	AGGGAACTGTTGGACCTGAACTTTGCAT	A	NONCODING
indel	chr4	98158200	ACT	A	NONCODING
indel	chr4	94529308	GAGGACCACTGCTGCCCAAATTCTGCTCTCCTCCACCTAAGAATTCCCAAGGAGAGAACGAAACCCAGTTTTTGTTTTTGAAA	G	NONCODING
indel	chr4	92169115	ACCTATTAACTACTATATTCACTATTTGGGTGATGAGTTCAATAGCAG	A	NONCODING
indel	chr4	90263602	ATTCTACCTAGAGATGCTGTAATGGCCCGAGTTGATTGACCTCCAACAGAGGT	A	NONCODING
indel	chr4	87229122	GTTGTTCAGCCTATTTGGAAGGTTTCAGTTGCTCC	G	NONCODING
indel	chr4	81235146	AAGGTCAGAATATTAAAAGCCACTGTAAGACATACAAACCAGAGTAGCTACAGTATATTCTTTAAAG	A	NONCODING
indel	chr4	68475222	GTGCAGGAAATTATGGGGTATATTTTAATAAAATTAC	G	NONCODING
indel	chr6	35281755	ACTCTTGT	A	NONCODING
indel	chr6	37059177	A	AAATT	NONCODING
indel	chr6	38874180	TTC	T	NONCODING
indel	chr8	125338774	ATTCTAGGAGTAATAAATATGGTATGCATGATGAAACTGAATGATTATGGAAAAGGTTTC	A	NONCODING
indel	chr8	123610501	CAGCAGGAGCTGTTCATTCCAACACAGGACTTAGAGAAGGCTTCAGGGTTTTTTTG	C	NONCODING
indel	chr8	120943881	ATGTATATACATATATATG	A	NONCODING
indel	chr8	119700900	GAGAAACTTAAATGACATGGTGAAGTCATACACCTAGAA	G	NONCODING
indel	chr8	119498960	GT	G	NONCODING
indel	chr8	104478271	TGTATTTTTAGTAGAGACAGG	T	NONCODING
indel	chr8	103792164	GTTGGAAGTAAAGCACTCCTCAGCAAATGTAAAACA	G	NONCODING
indel	chr8	96634884	TGTTGTTTTTTTAATGTAGCCATCATAAC	T	NONCODING
indel	chr8	90921651	GCAACAAAAGCGAAACTCCATCT	G	NONCODING
indel	chr8	82551808	T	TAG	NONCODING
indel	chr8	80153093	ACTAGGATTTTATTACAAAGAAATGTCTTACTT	A	NONCODING
indel	chr8	58376410	AGTACTTT	A	NONCODING
indel	chr8	58376387	AATTGTGATTATTTCATGCCC	A	NONCODING
indel	chr8	48694107	ACTGTGAAAAGCTGGCTTGCTCAGTTCCCATG	A	NONCODING
indel	chr8	33059303	TAATATTGGGGTTTAAACATGATCACGCTGGTTTGTGTGTGTGAAACAATTA	T	NONCODING
indel	chr8	126215952	GAATCTTTAGTTCTACGTACTGAAAAACTCCAAGATCAAAAAGTCATGGGTCAGTTCTCTTTCTC	G	NONCODING
indel	chr8	27924886	AAT	A	NONCODING
indel	chr9	6554804	AAGCAAAAGTCAAGAGCTTGGAAGCACCCTCC	A	NONCODING
indel	chr9	120727388	C	CGTA	NONCODING
indel	chr10	102329761	CCAAGTTTTA	C	NONCODING
indel	chr10	79827009	C	CGCCTCGCCTT	NONCODING
indel	chr10	67708102	GC	G	NONCODING
indel	chr10	57693382	G	GAT	NONCODING
indel	chr10	34605609	C	CTA	NONCODING
indel	chr10	32006993	AAAAACTGTTTTC	A	NONCODING
indel	chr10	24449169	ATGGGAGATATTTTCTTGTTCCTTCTC	A	NONCODING
indel	chr10	9690540	GTCTTCTTTCATT	G	NONCODING
indel	chr10	7358465	AGG	A	NONCODING
indel	chr10	7358460	A	AC	NONCODING
indel	chr10	7358458	G	GT	NONCODING
indel	chr10	1240246	T	TC	NONCODING
indel	chr9	134061099	TCCATGGCCCTCTTGGGGAGCAGAGACCCAGA	T	NONCODING
indel	chr9	133214439	TTAAGGAGGAAAAGGTGTGGGAAATATGTGGGAATGGTGCAGGAGGATGTTGG	T	NONCODING
indel	chr9	130368848	GCCCAGATGATCCAATCACCTCCCA	G	NONCODING
indel	chr9	86772134	C	CCAAGCAG	NONCODING
indel	chr2	231159307	ATTTTGTTTTGCCTGCCTAACAAAATTTGCAAGATTTTGGACAAAATCCATAGTCTACT	A	NONCODING
indel	chr8	22032176	TCAAAACAATAAGCTATCATTGTCATTCGAGAAAATTTGGGA	T	NONCODING
indel	chr8	10678150	AGGAGGCTGGGGGTCCAGAG	A	NONCODING
indel	chr6	127093809	C	CA	NONCODING
indel	chr6	122348430	GAATCTGAAATCCATTTGAGATCAGACAATTAGGCCTAAA	G	NONCODING
indel	chr6	120776369	GATTCTGGGTTAATACATTTATTTACTTATTTATTATTGAAAGATAGAGTCTATTTGC	G	NONCODING
indel	chr6	89532536	ATTAGAGTTCCTTG	A	NONCODING
indel	chr6	75693384	ACAGAGTGATACT	A	NONCODING
indel	chr6	75006870	CCCTTCAAAAGATTAAGGAATCCAGGAGCTGGTTTTT	C	NONCODING
indel	chr6	72834796	AGCACTGCTATTTTTGTT	A	NONCODING
indel	chr6	72430084	GGGCTTTACTTCCAACTATAT	G	NONCODING
indel	chr6	72102099	AT	A	NONCODING
indel	chr6	71450242	TAGTTTAGCCATTTGGAGAGAGTTG	T	NONCODING
indel	chr6	66104113	CGCCTATGCTTCTTTTCTTA	C	NONCODING
indel	chr6	63200099	AAAATTATGTAGCCAGTCCTGAATGTTAGCTGTAATTCATATAACTCTATTAC	A	NONCODING
indel	chr6	47589539	T	TATGTAC	NONCODING
indel	chr6	42979875	T	TCC	NONCODING
indel	chr6	38874200	CTCTT	C	NONCODING
indel	chr6	129809201	ACCTAGTTTATTGAGAGTTTTTAG	A	NONCODING
indel	chr8	17819862	C	CATATA	NONCODING
indel	chr6	149189616	GTGTCCTTCATTTCCAGAAGTTGTGACTACTTTTTATTTATGCTATGTACTTCTCTGGAGATTTTTCCATCCA	G	NONCODING
indel	chr6	167089241	GGGTCAGTATGAAACTTAAATTTCGAGGGAAAAAAACTAACATCATTTAATTCTGT	G	NONCODING
indel	chr7	158721293	C	CTA	NONCODING
indel	chr7	157068490	TATCCCTTTCCTCTAGGTTTTCCCA	T	NONCODING
indel	chr7	143594272	G	GA	NONCODING
indel	chr7	142542849	TAC	T	NONCODING
indel	chr7	140604875	AATGAATGAATTCATGAGTTAAC	A	NONCODING
indel	chr7	122281858	CA	C	NONCODING
indel	chr7	121284022	CATACCTGAGACTG	C	NONCODING
indel	chr7	117290169	AT	A	NONCODING
indel	chr7	104932473	GATGATATCCCAGCCTGTTCAATAGTTCTCTCCCCATC	G	NONCODING
indel	chr7	101793926	TATTGGTGTACATGGTGTCTGGGGAGCAGGGAGGAGGGAG	T	NONCODING
indel	chr7	101589267	TGACAATCTCTGGAGGGACAGTCCAGGGCCGAGG	T	NONCODING
indel	chr7	95030399	AGCCAGTAGTTACTATTCCGTTAAGTTCCTCTGAGACTGTAGAGAAAAACTGTACATTTTGATAT	A	NONCODING
indel	chr7	64608185	TCTATTCTTTTTCCTTGGTACTTCCCACAGGAGCATCTTGACAGATCGCTGGGCCTTGCACCCAAGTGATGTG	T	NONCODING
indel	chr7	48617383	GATAACTCAGGAGAAGGCGAGGGTTTTGGAGGGAAGATT	G	NONCODING
indel	chr7	48593805	ATCTCTGAAGGGCAGCTTTGCTGGGTAAAGTAGGTAAAGTATTT	A	NONCODING
indel	chr6	152223699	AGGTCAGCAACATAGAAGCTTTGATTGGCTGGCCAG	A	NONCODING
snp	chr16	67349778	G	T	NONCODING
snp	chr16	66870549	T	C	NONCODING
indel	chrX	151072994	ATG	A	NONCODING
snp	chr5	25904593	G	A	NONCODING
snp	chr5	25637159	G	T	NONCODING
snp	chr5	25374857	G	A	NONCODING
snp	chr5	24067275	C	T	NONCODING
snp	chr5	20072609	C	A	NONCODING
snp	chr5	10811762	C	T	NONCODING
snp	chr5	10353764	C	G	NONCODING
snp	chr5	9742602	A	T	NONCODING
snp	chr5	8262249	G	A	NONCODING
snp	chr5	5337743	G	T	NONCODING
snp	chr5	3031739	G	T	NONCODING
snp	chr5	2739694	C	G	NONCODING
snp	chr5	1198704	A	C	NONCODING
snp	chr4	189761810	G	A	NONCODING
snp	chr4	162922116	G	A	NONCODING
snp	chr5	27631914	C	G	NONCODING
snp	chr4	159797291	T	C	NONCODING
snp	chr5	28925668	G	A	NONCODING
snp	chr5	34930459	C	T	NONCODING
snp	chr5	151827023	C	G	NONCODING
snp	chr5	150355229	C	A	NONCODING
snp	chr5	149912827	T	C	NONCODING
snp	chr5	139709998	G	A	NONCODING
snp	chr5	136783986	G	T	NONCODING
snp	chr5	136572654	G	T	NONCODING
snp	chr5	119029240	G	C	NONCODING
snp	chr5	118026199	A	T	NONCODING
snp	chr5	102036323	C	T	NONCODING
snp	chr5	98015117	C	G	NONCODING
snp	chr5	90440633	G	C	NONCODING
snp	chr5	87619853	T	C	NONCODING
snp	chr5	83944390	A	G	NONCODING
snp	chr5	63089361	C	A	NONCODING
snp	chr5	39854328	C	A	NONCODING
snp	chr5	34082237	G	A	NONCODING
snp	chr5	152483716	G	A	NONCODING
snp	chr4	158392251	C	G	NONCODING
snp	chr4	134429007	T	A	NONCODING
snp	chr4	81950119	C	G	NONCODING
snp	chr4	77450421	C	G	NONCODING
snp	chr4	55627979	C	G	NONCODING
snp	chr4	49039369	G	A	NONCODING
snp	chr4	40888757	G	A	NONCODING
snp	chr4	38260657	G	A	NONCODING
snp	chr4	37393773	T	C	NONCODING
snp	chr4	36284901	G	A	NONCODING
snp	chr4	35425171	G	A	NONCODING
snp	chr4	32857483	A	T	NONCODING
snp	chr4	31873518	G	C	NONCODING
snp	chr4	28527324	G	A	NONCODING
snp	chr4	27535143	C	G	NONCODING
snp	chr4	19664103	A	G	NONCODING
snp	chr4	18780278	G	T	NONCODING
snp	chr4	84921633	C	T	NONCODING
snp	chr4	136899332	C	G	NONCODING
snp	chr4	88026251	G	C	NONCODING
snp	chr4	93636128	A	G	NONCODING
snp	chr4	134101871	G	A	NONCODING
snp	chr4	128706839	A	G	NONCODING
snp	chr4	120042621	C	G	NONCODING
snp	chr4	114435945	A	G	NONCODING
snp	chr4	112297657	G	A	NONCODING
snp	chr4	110313666	T	C	NONCODING
snp	chr4	107223261	C	G	NONCODING
snp	chr4	104707008	T	C	NONCODING
snp	chr4	104455824	T	G	NONCODING
snp	chr4	103267379	C	G	NONCODING
snp	chr4	101964910	C	T	NONCODING
snp	chr4	101874629	G	A	NONCODING
snp	chr4	98158208	T	C	NONCODING
snp	chr4	96829404	C	G	NONCODING
snp	chr4	96641465	G	A	NONCODING
snp	chr4	88026289	G	T	NONCODING
snp	chr4	15113606	C	A	NONCODING
snp	chr5	157692658	C	A	NONCODING
snp	chr5	167351055	A	T	NONCODING
snp	chr6	51229920	A	G	NONCODING
snp	chr6	51215659	C	G	NONCODING
snp	chr6	51127781	T	C	NONCODING
snp	chr6	49346938	G	A	NONCODING
snp	chr6	48738320	C	T	NONCODING
snp	chr6	46807171	G	A	NONCODING
snp	chr6	46721054	G	T	NONCODING
snp	chr6	46446192	G	T	NONCODING
snp	chr6	46360309	G	A	NONCODING
snp	chr6	45866355	T	C	NONCODING
snp	chr6	43661705	C	T	NONCODING
snp	chr6	43484050	G	C	NONCODING
snp	chr6	43280045	T	C	NONCODING
snp	chr6	43280040	A	G	NONCODING
snp	chr6	42518322	C	G	NONCODING
snp	chr6	62589099	C	T	NONCODING
snp	chr6	38063784	G	A	NONCODING
snp	chr6	64995526	T	C	NONCODING
snp	chr6	71631093	G	C	NONCODING
snp	chr6	124841062	G	C	NONCODING
snp	chr6	117709850	C	G	NONCODING
snp	chr6	108097263	G	T	NONCODING
snp	chr6	97522998	C	A	NONCODING
snp	chr6	93416699	G	T	NONCODING
snp	chr6	88359997	G	C	NONCODING
snp	chr6	85781453	C	T	NONCODING
snp	chr6	82075932	C	G	NONCODING
snp	chr6	80934975	G	T	NONCODING
snp	chr6	77918727	G	C	NONCODING
snp	chr6	77449722	T	C	NONCODING
snp	chr6	74529029	T	A	NONCODING
snp	chr6	73081095	C	A	NONCODING
snp	chr6	72573137	G	A	NONCODING
snp	chr6	71653516	G	C	NONCODING
snp	chr6	67922563	C	G	NONCODING
snp	chr5	160081511	A	G	NONCODING
snp	chr6	37534021	G	C	NONCODING
snp	chr6	37186757	C	G	NONCODING
snp	chr6	11028855	G	A	NONCODING
snp	chr6	9508977	G	A	NONCODING
snp	chr6	7788909	C	G	NONCODING
snp	chr6	7273554	G	A	NONCODING
snp	chr6	7060129	T	G	NONCODING
snp	chr6	2886058	A	C	NONCODING
snp	chr6	2154828	G	C	NONCODING
snp	chr6	1233861	G	A	NONCODING
snp	chr6	1205861	G	C	NONCODING
snp	chr6	1124095	T	C	NONCODING
snp	chr6	677194	G	A	NONCODING
snp	chr6	128708	C	T	NONCODING
snp	chr5	180485886	C	T	NONCODING
snp	chr5	179360292	A	C	NONCODING
snp	chr5	170652163	G	A	NONCODING
snp	chr6	15339411	G	T	NONCODING
snp	chr6	37227592	G	A	NONCODING
snp	chr6	15923453	A	G	NONCODING
snp	chr6	18426792	G	T	NONCODING
snp	chr6	36558801	T	C	NONCODING
snp	chr6	35756374	G	T	NONCODING
snp	chr6	35009614	G	A	NONCODING
snp	chr6	34724707	C	T	NONCODING
snp	chr6	33302657	G	T	NONCODING
snp	chr6	32546763	T	A	NONCODING
snp	chr6	32546762	C	T	NONCODING
snp	chr6	32483451	G	A	NONCODING
snp	chr6	32483296	C	G	NONCODING
snp	chr6	30758224	C	T	NONCODING
snp	chr6	30218856	G	A	NONCODING
snp	chr6	27320528	G	C	NONCODING
snp	chr6	26652684	C	T	NONCODING
snp	chr6	24145299	T	C	NONCODING
snp	chr6	23471176	C	T	NONCODING
snp	chr6	16000972	C	T	NONCODING
snp	chr6	131435304	C	G	NONCODING
snp	chr4	3726549	A	G	NONCODING
snp	chr4	3410974	C	T	NONCODING
snp	chr1	167132610	C	G	NONCODING
snp	chr1	164049821	T	C	NONCODING
snp	chr1	161061329	C	G	NONCODING
snp	chr1	155750366	G	A	NONCODING
snp	chr1	155629332	A	T	NONCODING
snp	chr1	154380012	C	T	NONCODING
snp	chr1	149424407	C	G	NONCODING
snp	chr1	148673993	G	C	NONCODING
snp	chr1	148502378	C	G	NONCODING
snp	chr1	148243113	A	T	NONCODING
snp	chr1	148238764	G	A	NONCODING
snp	chr1	148068735	G	C	NONCODING
snp	chr1	146728581	C	T	NONCODING
snp	chr1	146461164	T	C	NONCODING
snp	chr1	145414405	G	C	NONCODING
snp	chr1	172239894	C	T	NONCODING
snp	chr1	145390551	G	C	NONCODING
snp	chr1	175315849	T	A	NONCODING
snp	chr1	179290082	G	A	NONCODING
snp	chr2	13510449	C	A	NONCODING
snp	chr2	4877050	A	G	NONCODING
snp	chr2	3871344	C	T	NONCODING
snp	chr2	68100	G	A	NONCODING
snp	chr2	68085	C	T	NONCODING
snp	chr1	244999117	G	C	NONCODING
snp	chr1	242994663	G	A	NONCODING
snp	chr1	231075504	A	T	NONCODING
snp	chr1	229638354	C	T	NONCODING
snp	chr1	229375154	C	A	NONCODING
snp	chr1	223397197	T	A	NONCODING
snp	chr1	211527103	G	A	NONCODING
snp	chr1	210148721	A	T	NONCODING
snp	chr1	183342013	C	G	NONCODING
snp	chr1	181654972	G	A	NONCODING
snp	chr1	178712524	C	T	NONCODING
snp	chr2	14929677	C	G	NONCODING
snp	chr1	145282348	C	A	NONCODING
snp	chr1	145091911	T	C	NONCODING
snp	chr1	51705348	C	G	NONCODING
snp	chr1	42925205	C	G	NONCODING
snp	chr1	39520327	C	G	NONCODING
snp	chr1	38225390	T	A	NONCODING
snp	chr1	31143159	G	C	NONCODING
snp	chr1	26203209	G	A	NONCODING
snp	chr1	23725099	C	A	NONCODING
snp	chr1	22933256	T	A	NONCODING
snp	chr1	19209141	C	T	NONCODING
snp	chr1	17744873	G	A	NONCODING
snp	chr1	16647080	C	T	NONCODING
snp	chr1	14212083	C	T	NONCODING
snp	chr1	13346402	G	A	NONCODING
snp	chr1	13203532	A	G	NONCODING
snp	chr1	7896783	C	A	NONCODING
snp	chr1	61304201	G	C	NONCODING
snp	chr1	145185592	C	T	NONCODING
snp	chr1	69391306	G	A	NONCODING
snp	chr1	85618208	G	C	NONCODING
snp	chr1	144991251	G	A	NONCODING
snp	chr1	144484665	G	C	NONCODING
snp	chr1	144140718	C	T	NONCODING
snp	chr1	144008609	C	G	NONCODING
snp	chr1	121292944	G	T	NONCODING
snp	chr1	120990556	C	A	NONCODING
snp	chr1	120058632	A	G	NONCODING
snp	chr1	120040655	G	C	NONCODING
snp	chr1	119171959	C	G	NONCODING
snp	chr1	115776450	G	A	NONCODING
snp	chr1	112170884	G	A	NONCODING
snp	chr1	111715169	C	G	NONCODING
snp	chr1	96868708	G	C	NONCODING
snp	chr1	89158084	C	T	NONCODING
snp	chr1	87571378	A	T	NONCODING
snp	chr1	72814929	G	A	NONCODING
snp	chr4	3568046	A	C	NONCODING
snp	chr2	15797978	G	A	NONCODING
snp	chr2	28383558	C	G	NONCODING
snp	chr3	107692592	T	G	NONCODING
snp	chr3	96621756	C	G	NONCODING
snp	chr3	91394791	G	C	NONCODING
snp	chr3	86834079	G	C	NONCODING
snp	chr3	86405009	G	A	NONCODING
snp	chr3	85362911	G	A	NONCODING
snp	chr3	82901125	C	A	NONCODING
snp	chr3	78537157	G	C	NONCODING
snp	chr3	65195899	T	C	NONCODING
snp	chr3	54397653	C	T	NONCODING
snp	chr3	33880962	C	T	NONCODING
snp	chr3	21126701	G	A	NONCODING
snp	chr3	18232233	T	C	NONCODING
snp	chr3	1737181	A	C	NONCODING
snp	chr2	241765305	C	G	NONCODING
snp	chr3	119862652	T	C	NONCODING
snp	chr2	232905909	C	T	NONCODING
snp	chr3	120486741	A	G	NONCODING
snp	chr3	138881302	G	C	NONCODING
snp	chr4	3410973	C	T	NONCODING
snp	chr4	1581233	T	C	NONCODING
snp	chr4	1146893	A	G	NONCODING
snp	chr3	196317032	G	A	NONCODING
snp	chr3	195066147	A	G	NONCODING
snp	chr3	190322527	C	T	NONCODING
snp	chr3	184136964	C	A	NONCODING
snp	chr3	182063512	G	T	NONCODING
snp	chr3	181336888	C	T	NONCODING
snp	chr3	178641308	C	T	NONCODING
snp	chr3	177358614	C	T	NONCODING
snp	chr3	174171983	C	G	NONCODING
snp	chr3	172550585	T	C	NONCODING
snp	chr3	148811274	G	A	NONCODING
snp	chr3	148811272	G	T	NONCODING
snp	chr3	130248368	C	T	NONCODING
snp	chr2	23400643	G	A	NONCODING
snp	chr2	218297920	C	A	NONCODING
snp	chr2	215443659	G	A	NONCODING
snp	chr2	128429254	T	G	NONCODING
snp	chr2	115833229	T	A	NONCODING
snp	chr2	107900536	G	A	NONCODING
snp	chr2	107092209	A	G	NONCODING
snp	chr2	87971340	A	C	NONCODING
snp	chr2	87969591	G	A	NONCODING
snp	chr2	85732341	T	A	NONCODING
snp	chr2	80318806	C	G	NONCODING
snp	chr2	73962105	C	T	NONCODING
snp	chr2	68589456	G	A	NONCODING
snp	chr2	61093979	C	T	NONCODING
snp	chr2	53442430	T	A	NONCODING
snp	chr2	47507031	C	G	NONCODING
snp	chr2	45415791	G	T	NONCODING
snp	chr2	40950192	C	T	NONCODING
snp	chr2	128569627	C	T	NONCODING
snp	chr2	218226370	A	C	NONCODING
snp	chr2	130416734	G	A	NONCODING
snp	chr2	143682309	T	A	NONCODING
snp	chr2	210782001	T	C	NONCODING
snp	chr2	208898188	C	G	NONCODING
snp	chr2	208348879	A	T	NONCODING
snp	chr2	206898827	T	A	NONCODING
snp	chr2	196234896	T	A	NONCODING
snp	chr2	195068627	G	C	NONCODING
snp	chr2	194786450	C	T	NONCODING
snp	chr2	194130321	A	T	NONCODING
snp	chr2	186395983	A	C	NONCODING
snp	chr2	176068144	C	G	NONCODING
snp	chr2	171274580	G	A	NONCODING
snp	chr2	157736941	C	T	NONCODING
snp	chr2	155154853	A	G	NONCODING
snp	chr2	146141185	G	C	NONCODING
snp	chr2	144433476	C	A	NONCODING
snp	chr2	130469364	C	T	NONCODING
snp	chr16	67153737	A	G	NONCODING
snp	chr6	143295815	C	G	NONCODING
snp	chr6	161182181	T	C	NONCODING
snp	chr13	52492040	G	T	NONCODING
snp	chr13	49977687	G	T	NONCODING
snp	chr13	48832872	G	A	NONCODING
snp	chr13	44976455	G	A	NONCODING
snp	chr13	44349178	A	G	NONCODING
snp	chr13	44349177	A	G	NONCODING
snp	chr13	44349176	C	A	NONCODING
snp	chr13	44050945	C	T	NONCODING
snp	chr13	25465638	T	C	NONCODING
snp	chr13	25169964	C	T	NONCODING
snp	chr13	23103504	T	C	NONCODING
snp	chr13	22927852	G	C	NONCODING
snp	chr13	18790902	G	A	NONCODING
snp	chr13	18627977	A	T	NONCODING
snp	chr12	132805287	G	A	NONCODING
snp	chr13	68624510	C	T	NONCODING
snp	chr12	132732018	T	C	NONCODING
snp	chr13	71178398	A	T	NONCODING
snp	chr13	103527342	A	G	NONCODING
snp	chr14	86160411	T	C	NONCODING
snp	chr14	86049905	C	T	NONCODING
snp	chr14	85364247	G	A	NONCODING
snp	chr14	83405955	C	T	NONCODING
snp	chr14	83071446	G	A	NONCODING
snp	chr14	82868926	G	T	NONCODING
snp	chr14	76469972	G	C	NONCODING
snp	chr14	67870571	C	G	NONCODING
snp	chr14	47119141	C	T	NONCODING
snp	chr14	28097479	C	A	NONCODING
snp	chr13	113826729	T	C	NONCODING
snp	chr13	113790342	A	G	NONCODING
snp	chr13	113215626	T	G	NONCODING
snp	chr13	111255198	T	C	NONCODING
snp	chr13	108024039	C	T	NONCODING
snp	chr13	103527341	T	A	NONCODING
snp	chr14	89463067	G	A	NONCODING
snp	chr12	128626476	A	G	NONCODING
snp	chr12	101451259	G	A	NONCODING
snp	chr11	95742420	G	A	NONCODING
snp	chr11	95327840	C	G	NONCODING
snp	chr11	95327839	G	A	NONCODING
snp	chr11	95327838	G	A	NONCODING
snp	chr11	92992827	A	T	NONCODING
snp	chr11	59266277	G	T	NONCODING
snp	chr11	54996135	A	T	NONCODING
snp	chr11	40642015	A	T	NONCODING
snp	chr11	31377748	G	T	NONCODING
snp	chr11	31377747	G	C	NONCODING
snp	chr11	31377746	T	A	NONCODING
snp	chr11	25932885	G	T	NONCODING
snp	chr11	25905419	C	T	NONCODING
snp	chr11	21362689	A	T	NONCODING
snp	chr11	17601919	C	A	NONCODING
snp	chr11	103025510	T	C	NONCODING
snp	chr12	108375837	A	C	NONCODING
snp	chr11	124236456	G	C	NONCODING
snp	chr12	2809070	G	A	NONCODING
snp	chr12	101390102	G	A	NONCODING
snp	chr12	95577322	T	A	NONCODING
snp	chr12	73215282	C	T	NONCODING
snp	chr12	58335766	G	C	NONCODING
snp	chr12	34371138	C	A	NONCODING
snp	chr12	23102021	A	C	NONCODING
snp	chr12	23102020	C	A	NONCODING
snp	chr12	21663671	G	C	NONCODING
snp	chr12	12751100	A	G	NONCODING
snp	chr12	11484879	C	T	NONCODING
snp	chr12	11466742	G	A	NONCODING
snp	chr12	11466741	G	A	NONCODING
snp	chr12	10535411	A	C	NONCODING
snp	chr12	8942945	G	A	NONCODING
snp	chr12	3050651	C	T	NONCODING
snp	chr11	134929255	A	G	NONCODING
snp	chr11	3992061	C	G	NONCODING
snp	chr14	95772975	C	T	NONCODING
snp	chr14	102260205	G	A	NONCODING
snp	chr16	33838006	G	T	NONCODING
snp	chr16	33838003	A	G	NONCODING
snp	chr16	33837924	T	A	NONCODING
snp	chr16	33837242	A	C	NONCODING
snp	chr16	33837170	G	A	NONCODING
snp	chr16	33015447	C	G	NONCODING
snp	chr16	33015414	T	C	NONCODING
snp	chr16	32886008	C	T	NONCODING
snp	chr16	32493920	C	T	NONCODING
snp	chr16	32214621	C	T	NONCODING
snp	chr16	32092479	T	C	NONCODING
snp	chr16	28468924	G	C	NONCODING
snp	chr16	21786873	C	G	NONCODING
snp	chr16	21763645	C	T	NONCODING
snp	chr16	21322926	T	A	NONCODING
snp	chr16	33838007	G	A	NONCODING
snp	chr16	20538691	G	A	NONCODING
snp	chr16	33838052	A	G	NONCODING
snp	chr16	33838200	T	C	NONCODING
snp	chr16	66222258	G	A	NONCODING
snp	chr16	62551364	T	G	NONCODING
snp	chr16	61806923	A	G	NONCODING
snp	chr16	59004099	T	A	NONCODING
snp	chr16	56398316	A	G	NONCODING
snp	chr16	55760592	C	G	NONCODING
snp	chr16	53426672	T	C	NONCODING
snp	chr16	50376462	G	A	NONCODING
snp	chr16	49001351	G	T	NONCODING
snp	chr16	48122074	G	A	NONCODING
snp	chr16	46860195	A	C	NONCODING
snp	chr16	35945367	T	C	NONCODING
snp	chr16	33839946	A	G	NONCODING
snp	chr16	33838331	A	C	NONCODING
snp	chr16	33838318	G	A	NONCODING
snp	chr16	33838105	C	A	NONCODING
snp	chr14	97639787	C	T	NONCODING
snp	chr16	18758196	C	T	NONCODING
snp	chr16	16261699	T	C	NONCODING
snp	chr14	106770114	C	A	NONCODING
snp	chr14	106770109	T	C	NONCODING
snp	chr14	106768612	T	A	NONCODING
snp	chr14	106768596	C	A	NONCODING
snp	chr14	106765040	G	A	NONCODING
snp	chr14	106765034	C	T	NONCODING
snp	chr14	106723897	A	G	NONCODING
snp	chr14	106723896	G	A	NONCODING
snp	chr14	106723845	C	T	NONCODING
snp	chr14	106723818	T	C	NONCODING
snp	chr14	106717122	T	G	NONCODING
snp	chr14	106509049	G	T	NONCODING
snp	chr14	106508454	C	T	NONCODING
snp	chr14	105736943	G	A	NONCODING
snp	chr14	104325639	A	C	NONCODING
snp	chr15	19953767	G	T	NONCODING
snp	chr16	18561599	G	C	NONCODING
snp	chr15	34193488	G	C	NONCODING
snp	chr15	62260588	G	T	NONCODING
snp	chr16	15204152	G	A	NONCODING
snp	chr16	14804609	C	T	NONCODING
snp	chr16	14804578	C	T	NONCODING
snp	chr16	9794625	C	T	NONCODING
snp	chr15	97413083	C	T	NONCODING
snp	chr15	95375712	C	A	NONCODING
snp	chr15	95375711	C	A	NONCODING
snp	chr15	95227841	G	A	NONCODING
snp	chr15	88937373	G	T	NONCODING
snp	chr15	85998906	G	A	NONCODING
snp	chr15	84601884	C	T	NONCODING
snp	chr15	82740369	A	G	NONCODING
snp	chr15	81915178	T	C	NONCODING
snp	chr15	78239089	C	G	NONCODING
snp	chr15	69635745	G	A	NONCODING
snp	chr15	59546737	T	A	NONCODING
snp	chr6	151513892	T	C	NONCODING
snp	chr11	2291073	A	T	NONCODING
snp	chr10	133069504	A	G	NONCODING
snp	chr7	143562845	C	G	NONCODING
snp	chr7	143338587	A	G	NONCODING
snp	chr7	142004645	C	A	NONCODING
snp	chr7	139269964	A	G	NONCODING
snp	chr7	136856539	G	A	NONCODING
snp	chr7	136856538	G	A	NONCODING
snp	chr7	130212160	G	T	NONCODING
snp	chr7	122281865	C	T	NONCODING
snp	chr7	119783727	G	T	NONCODING
snp	chr7	119451404	C	T	NONCODING
snp	chr7	118964683	G	A	NONCODING
snp	chr7	118964682	G	T	NONCODING
snp	chr7	114357454	C	T	NONCODING
snp	chr7	108399379	A	T	NONCODING
snp	chr7	100481411	C	T	NONCODING
snp	chr7	145123741	A	T	NONCODING
snp	chr7	100481410	C	T	NONCODING
snp	chr7	146413883	G	A	NONCODING
snp	chr7	153385238	A	G	NONCODING
snp	chr8	58376386	G	A	NONCODING
snp	chr8	57072167	C	T	NONCODING
snp	chr8	56872018	G	T	NONCODING
snp	chr8	41885030	C	T	NONCODING
snp	chr8	34307059	C	G	NONCODING
snp	chr8	8781137	C	T	NONCODING
snp	chr8	8408283	T	C	NONCODING
snp	chr8	7021299	A	C	NONCODING
snp	chr8	6983098	A	C	NONCODING
snp	chr8	2680783	G	T	NONCODING
snp	chr8	2443673	G	A	NONCODING
snp	chr8	1955272	G	A	NONCODING
snp	chr8	1036016	G	A	NONCODING
snp	chr8	220489	T	A	NONCODING
snp	chr7	154443645	T	C	NONCODING
snp	chr7	148366261	T	G	NONCODING
snp	chr8	64675461	T	C	NONCODING
snp	chr7	99385313	G	A	NONCODING
snp	chr7	97909290	T	A	NONCODING
snp	chr7	56095919	G	A	NONCODING
snp	chr7	52334929	G	T	NONCODING
snp	chr7	49497942	A	T	NONCODING
snp	chr7	42975500	A	C	NONCODING
snp	chr7	41496068	C	T	NONCODING
snp	chr7	17942340	C	G	NONCODING
snp	chr7	6530517	A	G	NONCODING
snp	chr7	3273974	T	A	NONCODING
snp	chr7	1784947	G	A	NONCODING
snp	chr7	893405	C	T	NONCODING
snp	chr7	768326	T	G	NONCODING
snp	chr7	551736	T	C	NONCODING
snp	chr6	169901405	T	G	NONCODING
snp	chr6	167562599	C	G	NONCODING
snp	chr6	167493631	G	T	NONCODING
snp	chr7	56168139	A	G	NONCODING
snp	chr7	98046232	G	A	NONCODING
snp	chr7	56821317	G	T	NONCODING
snp	chr7	57122327	C	T	NONCODING
snp	chr7	93783049	A	G	NONCODING
snp	chr7	89219928	T	A	NONCODING
snp	chr7	83789087	G	C	NONCODING
snp	chr7	75767380	G	T	NONCODING
snp	chr7	75133641	C	G	NONCODING
snp	chr7	75082723	A	T	NONCODING
snp	chr7	73130375	C	T	NONCODING
snp	chr7	72209020	C	T	NONCODING
snp	chr7	64580983	G	A	NONCODING
snp	chr7	63298710	C	T	NONCODING
snp	chr7	63151623	G	T	NONCODING
snp	chr7	57799973	G	A	NONCODING
snp	chr7	57328406	C	T	NONCODING
snp	chr7	57328405	C	T	NONCODING
snp	chr7	57263595	G	C	NONCODING
snp	chr7	57107302	C	A	NONCODING
snp	chr10	133317109	G	A	NONCODING
snp	chr8	65662607	T	A	NONCODING
snp	chr8	103062385	G	T	NONCODING
snp	chr10	52438213	A	T	NONCODING
snp	chr10	42601775	G	A	NONCODING
snp	chr10	33210324	T	A	NONCODING
snp	chr10	20754392	G	A	NONCODING
snp	chr10	10564761	G	T	NONCODING
snp	chr10	7358426	T	C	NONCODING
snp	chr9	138003200	A	T	NONCODING
snp	chr9	138003199	A	T	NONCODING
snp	chr9	137590440	C	G	NONCODING
snp	chr9	136154774	G	A	NONCODING
snp	chr9	134481215	T	C	NONCODING
snp	chr9	132954737	G	C	NONCODING
snp	chr9	131120337	C	T	NONCODING
snp	chr9	126455857	A	T	NONCODING
snp	chr9	109330762	G	C	NONCODING
snp	chr10	60536752	G	T	NONCODING
snp	chr9	107266496	A	G	NONCODING
snp	chr10	62102978	A	G	NONCODING
snp	chr10	79827019	C	T	NONCODING
snp	chr10	131669957	A	T	NONCODING
snp	chr10	127321267	C	T	NONCODING
snp	chr10	127321266	T	C	NONCODING
snp	chr10	123851758	G	C	NONCODING
snp	chr10	123189543	C	T	NONCODING
snp	chr10	115586370	C	T	NONCODING
snp	chr10	109256349	C	T	NONCODING
snp	chr10	108603164	C	T	NONCODING
snp	chr10	103710155	G	A	NONCODING
snp	chr10	98403040	C	T	NONCODING
snp	chr10	92679631	A	G	NONCODING
snp	chr10	87472291	T	C	NONCODING
snp	chr10	86938933	C	T	NONCODING
snp	chr10	85361331	C	A	NONCODING
snp	chr10	82989564	A	C	NONCODING
snp	chr10	70239728	A	G	NONCODING
snp	chr8	75299438	C	T	NONCODING
snp	chr9	106019324	T	G	NONCODING
snp	chr9	99460950	C	G	NONCODING
snp	chr8	144950556	C	T	NONCODING
snp	chr8	139985821	T	C	NONCODING
snp	chr8	137225127	G	A	NONCODING
snp	chr8	134499732	C	T	NONCODING
snp	chr8	132653414	A	G	NONCODING
snp	chr8	132215689	G	A	NONCODING
snp	chr8	132215688	G	A	NONCODING
snp	chr8	128605928	A	T	NONCODING
snp	chr8	127166788	C	G	NONCODING
snp	chr8	125578529	C	T	NONCODING
snp	chr8	124805558	C	T	NONCODING
snp	chr8	124805557	C	T	NONCODING
snp	chr8	123601761	C	T	NONCODING
snp	chr8	121030407	G	T	NONCODING
snp	chr8	114243252	C	T	NONCODING
snp	chr9	3542765	C	G	NONCODING
snp	chr9	100068576	C	T	NONCODING
snp	chr9	6139114	C	G	NONCODING
snp	chr9	13735981	C	T	NONCODING
snp	chr9	96455837	T	C	NONCODING
snp	chr9	94376735	G	A	NONCODING
snp	chr9	84256635	G	C	NONCODING
snp	chr9	83749511	A	G	NONCODING
snp	chr9	81581605	C	T	NONCODING
snp	chr9	79775363	C	G	NONCODING
snp	chr9	65451427	A	G	NONCODING
snp	chr9	65451426	C	G	NONCODING
snp	chr9	43104222	C	T	NONCODING
snp	chr9	43002395	C	T	NONCODING
snp	chr9	39592266	G	A	NONCODING
snp	chr9	39497135	T	G	NONCODING
snp	chr9	15140441	C	T	NONCODING
snp	chr9	13821661	G	A	NONCODING
snp	chr9	13735997	T	G	NONCODING
snp	chr9	10970588	C	T	NONCODING
indel	chrX	151514467	CTT	C	NONCODING
